trial,fold,run_name,map50,map50_95,precision,recall,fitness
0,0,train_folds_0_1_valid_folds_2,0.684079359033124,0.38560799358750375,0.7600873489730018,0.574739281575898,0.38560799358750375
0,1,train_folds_0_2_valid_folds_1,0.6239699349907344,0.3531664044266859,0.6904218102812653,0.558215451577802,0.3531664044266859
0,2,train_folds_1_2_valid_folds_0,0.6290773747948017,0.36478026919248435,0.7598903781169791,0.5291903925783707,0.36478026919248435
1,0,train_folds_0_1_valid_folds_2,0.6982481119702115,0.3938062461597337,0.7470528785022422,0.6129779837775203,0.3938062461597337
1,1,train_folds_0_2_valid_folds_1,0.6085638984636457,0.3457392835454921,0.7425458649866113,0.5335278695452798,0.3457392835454921
1,2,train_folds_1_2_valid_folds_0,0.6294741671089059,0.3728868080702651,0.7177809532358769,0.5573770491803278,0.3728868080702651
2,0,train_folds_0_1_valid_folds_2,0.6725115970058915,0.3809783717966275,0.7427034009384443,0.5863267670915412,0.3809783717966275
2,1,train_folds_0_2_valid_folds_1,0.6157732778993826,0.3556273647798508,0.7222766327537683,0.5462459194776932,0.3556273647798508
2,2,train_folds_1_2_valid_folds_0,0.6519529519213259,0.37940256847570125,0.693455080177173,0.5879781420765028,0.37940256847570125
3,0,train_folds_0_1_valid_folds_2,0.6724043313637544,0.3857550565696886,0.7407483439352781,0.5758980301274623,0.3857550565696886
3,1,train_folds_0_2_valid_folds_1,0.6044901470374077,0.3434805768300696,0.6858369641629946,0.5408052230685527,0.3434805768300696
3,2,train_folds_1_2_valid_folds_0,0.6561069355737538,0.36921990444471714,0.70423857405245,0.6063358762169434,0.36921990444471714
4,0,train_folds_0_1_valid_folds_2,0.6712732380812187,0.3775117930649177,0.6777644432217268,0.6095017381228274,0.3775117930649177
4,1,train_folds_0_2_valid_folds_1,0.5944164729753563,0.35044386593843263,0.6851866292482912,0.528835690968444,0.35044386593843263
4,2,train_folds_1_2_valid_folds_0,0.6338656443202557,0.3612790115546941,0.6993507063682503,0.566120218579235,0.3612790115546941
5,0,train_folds_0_1_valid_folds_2,0.6852357885623437,0.39399844234914644,0.7257467650505426,0.6224704812962828,0.39399844234914644
5,1,train_folds_0_2_valid_folds_1,0.6039063472148822,0.34481940068451533,0.6782143373408901,0.5429815016322089,0.34481940068451533
5,2,train_folds_1_2_valid_folds_0,0.6595216912790165,0.37574460979296725,0.7139763931914357,0.5912568306010929,0.37574460979296725
6,0,train_folds_0_1_valid_folds_2,0.6794872447986652,0.3931964759615755,0.7612358232368727,0.5944380069524913,0.3931964759615755
6,1,train_folds_0_2_valid_folds_1,0.6112827060664157,0.34966871834437485,0.7089589755098284,0.5195265995048367,0.34966871834437485
6,2,train_folds_1_2_valid_folds_0,0.6282433078256786,0.37682307519124264,0.6707575633446624,0.563312602219706,0.37682307519124264
7,0,train_folds_0_1_valid_folds_2,0.6988333750761486,0.4058112743679005,0.780380727902476,0.6037079953650057,0.4058112743679005
7,1,train_folds_0_2_valid_folds_1,0.618374616116509,0.35660283347417365,0.6777183658869047,0.5473340587595212,0.35660283347417365
7,2,train_folds_1_2_valid_folds_0,0.6275119614950517,0.3722103474922054,0.7239953525414519,0.5573770491803278,0.3722103474922054
8,0,train_folds_0_1_valid_folds_2,0.6738905903556713,0.39696769443225227,0.7251253618013006,0.6048667439165701,0.39696769443225227
8,1,train_folds_0_2_valid_folds_1,0.611259832751655,0.3585342474586535,0.706630574740115,0.5516866158868335,0.3585342474586535
8,2,train_folds_1_2_valid_folds_0,0.6335707723563726,0.36935480419648614,0.7307642367633856,0.5519125683060109,0.36935480419648614
9,0,train_folds_0_1_valid_folds_2,0.6778658129714994,0.4000617122317417,0.7353532523965456,0.6246265578053913,0.4000617122317417
9,1,train_folds_0_2_valid_folds_1,0.6001520904908447,0.3494684482849515,0.6666386930075059,0.552705262389702,0.3494684482849515
9,2,train_folds_1_2_valid_folds_0,0.6565501873613113,0.36984251505703564,0.7358081530569562,0.5989071038251366,0.36984251505703564
10,0,train_folds_0_1_valid_folds_2,0.6800678427721952,0.40817840955752616,0.6945985012982744,0.6164542294322132,0.40817840955752616
10,1,train_folds_0_2_valid_folds_1,0.6214680641707923,0.35424007540756974,0.7208242459175059,0.5538628944504896,0.35424007540756974
10,2,train_folds_1_2_valid_folds_0,0.613181025286252,0.3701318694910515,0.7215744926349286,0.5366120218579234,0.3701318694910515
11,0,train_folds_0_1_valid_folds_2,0.6810793259146946,0.3949411945306639,0.7590523311622344,0.5874855156431055,0.3949411945306639
11,1,train_folds_0_2_valid_folds_1,0.6121991038426193,0.3616636439679858,0.7416287085276579,0.5168661588683352,0.3616636439679858
11,2,train_folds_1_2_valid_folds_0,0.6326138947089386,0.3741937641093366,0.7364392391832456,0.5442622950819672,0.3741937641093366
12,0,train_folds_0_1_valid_folds_2,0.6801637582563104,0.3960186285044383,0.6785146766184028,0.6257242178447276,0.3960186285044383
12,1,train_folds_0_2_valid_folds_1,0.631606423734208,0.36516456968621835,0.6773088304892124,0.5549967813297519,0.36516456968621835
12,2,train_folds_1_2_valid_folds_0,0.6137589599391093,0.3683298591978238,0.6639836525810073,0.5453551912568306,0.3683298591978238
13,0,train_folds_0_1_valid_folds_2,0.6661812862179485,0.39318685132090025,0.7560562197450618,0.5666280417149478,0.39318685132090025
13,1,train_folds_0_2_valid_folds_1,0.620750236479463,0.3649620542224002,0.721359700555918,0.5527747551686616,0.3649620542224002
13,2,train_folds_1_2_valid_folds_0,0.6362491820315095,0.37486322206504286,0.7196189456407569,0.5825136612021858,0.37486322206504286
14,0,train_folds_0_1_valid_folds_2,0.6695890496082005,0.38576987378212113,0.7189899089518421,0.6176129779837776,0.38576987378212113
14,1,train_folds_0_2_valid_folds_1,0.625995597254611,0.36181352910305636,0.7409613024187528,0.5509204525526615,0.36181352910305636
14,2,train_folds_1_2_valid_folds_0,0.6491434710634245,0.36693187304027236,0.7379113529435471,0.5420765027322404,0.36693187304027236
15,0,train_folds_0_1_valid_folds_2,0.6634250923674971,0.3920653188156126,0.6750740123439896,0.6163057611493301,0.3920653188156126
15,1,train_folds_0_2_valid_folds_1,0.6154467227869929,0.36178964098919575,0.7734968942231045,0.5048966267682263,0.36178964098919575
15,2,train_folds_1_2_valid_folds_0,0.6203733930890957,0.3685575087255112,0.7404291855113149,0.5268577530872612,0.3685575087255112
16,0,train_folds_0_1_valid_folds_2,0.6837209585098172,0.390449251023256,0.7606653134163137,0.5892471266167674,0.390449251023256
16,1,train_folds_0_2_valid_folds_1,0.6281144490902874,0.3711032645058963,0.6912833992773967,0.5538628944504896,0.3711032645058963
16,2,train_folds_1_2_valid_folds_0,0.62501265305639,0.3636070007122422,0.6963628948827866,0.5840040404703428,0.3636070007122422
17,0,train_folds_0_1_valid_folds_2,0.6893323196024912,0.4028050067787444,0.7841676651563657,0.589803012746234,0.4028050067787444
17,1,train_folds_0_2_valid_folds_1,0.618374616116509,0.35660283347417365,0.6777183658869047,0.5473340587595212,0.35660283347417365
17,2,train_folds_1_2_valid_folds_0,0.6275119614950517,0.3722103474922054,0.7239953525414519,0.5573770491803278,0.3722103474922054
18,0,train_folds_0_1_valid_folds_2,0.67334702777899,0.3887133172198514,0.7344880750994288,0.5840092699884125,0.3887133172198514
18,1,train_folds_0_2_valid_folds_1,0.606502005050255,0.35183062071777665,0.7183861313490943,0.5277475516866159,0.35183062071777665
18,2,train_folds_1_2_valid_folds_0,0.6266193165467564,0.3626378023410227,0.7214458166648139,0.5486338797814208,0.3626378023410227
19,0,train_folds_0_1_valid_folds_2,0.6714751511794068,0.40243744187772174,0.7777513472769599,0.5798654141643713,0.40243744187772174
19,1,train_folds_0_2_valid_folds_1,0.6221594878194847,0.36266748405881316,0.7267608081164995,0.5386289445048966,0.36266748405881316
19,2,train_folds_1_2_valid_folds_0,0.6492882859010005,0.3815172577515363,0.7443401561407045,0.5595628415300546,0.3815172577515363
20,0,train_folds_0_1_valid_folds_2,0.6906891524814118,0.4073460498454991,0.7396612082666473,0.5925922446200546,0.4073460498454991
20,1,train_folds_0_2_valid_folds_1,0.6200196511090321,0.3653347719233869,0.739395339139387,0.5321001088139282,0.3653347719233869
20,2,train_folds_1_2_valid_folds_0,0.6293316444628714,0.384728272393158,0.7272842677368576,0.566120218579235,0.384728272393158
21,0,train_folds_0_1_valid_folds_2,0.6977190504754491,0.40646323783051114,0.7300589717397826,0.5990730011587485,0.40646323783051114
21,1,train_folds_0_2_valid_folds_1,0.606277918175799,0.36512359765745384,0.6619456096777145,0.5386289445048966,0.36512359765745384
21,2,train_folds_1_2_valid_folds_0,0.6624511159812253,0.396097497509902,0.690838298273189,0.5901639344262295,0.396097497509902
22,0,train_folds_0_1_valid_folds_2,0.6997352241174977,0.4055163605184361,0.7586435934220135,0.608342989571263,0.4055163605184361
22,1,train_folds_0_2_valid_folds_1,0.6200846373728688,0.36844277747431964,0.6979590664165133,0.5353645266594124,0.36844277747431964
22,2,train_folds_1_2_valid_folds_0,0.6734522181832079,0.40032231174462496,0.6511657398753323,0.6201905141795852,0.40032231174462496
23,0,train_folds_0_1_valid_folds_2,0.704917292721648,0.4092645730203081,0.7521063432440599,0.6071842410196987,0.4092645730203081
23,1,train_folds_0_2_valid_folds_1,0.6318056368289786,0.3701864660789455,0.71699625258472,0.5255712731229597,0.3701864660789455
23,2,train_folds_1_2_valid_folds_0,0.6718979991621291,0.392741543294664,0.7257725775841717,0.6021857923497268,0.392741543294664
24,0,train_folds_0_1_valid_folds_2,0.7007917937959636,0.4037154674311475,0.7918691906297158,0.57753446764648,0.4037154674311475
24,1,train_folds_0_2_valid_folds_1,0.6261453225097642,0.3688702381419603,0.7845007338728759,0.5110014413605273,0.3688702381419603
24,2,train_folds_1_2_valid_folds_0,0.6687784223387401,0.3948937389366502,0.6981630971015668,0.5825136612021858,0.3948937389366502
25,0,train_folds_0_1_valid_folds_2,0.691592738130662,0.3984341701034971,0.7565346654752975,0.5979142526071842,0.3984341701034971
25,1,train_folds_0_2_valid_folds_1,0.6226552034944227,0.3659148059931018,0.7033009645061072,0.5287659803437823,0.3659148059931018
25,2,train_folds_1_2_valid_folds_0,0.6655595596064654,0.3940935335816865,0.738520772598985,0.5772264067346035,0.3940935335816865
26,0,train_folds_0_1_valid_folds_2,0.687405372824911,0.3994831388819286,0.7664402762818671,0.5724217844727694,0.3994831388819286
26,1,train_folds_0_2_valid_folds_1,0.6221436713534683,0.3647292558022066,0.7125268394775136,0.49836779107725787,0.3647292558022066
26,2,train_folds_1_2_valid_folds_0,0.6575964182282117,0.3932983944233582,0.7427432265421092,0.5805890199332823,0.3932983944233582
27,0,train_folds_0_1_valid_folds_2,0.6854096436651096,0.39528877688706393,0.7844368704886613,0.5692548864043651,0.39528877688706393
27,1,train_folds_0_2_valid_folds_1,0.6242819504791639,0.37448269311933247,0.7411238564051918,0.5295810863456856,0.37448269311933247
27,2,train_folds_1_2_valid_folds_0,0.6672485575584167,0.39869048152968645,0.7031500868824407,0.5890710382513661,0.39869048152968645
28,0,train_folds_0_1_valid_folds_2,0.6901509895600578,0.4021403843312231,0.7519052869140502,0.5979142526071842,0.4021403843312231
28,1,train_folds_0_2_valid_folds_1,0.618146670803706,0.36794617668825086,0.7019784031392561,0.5168661588683352,0.36794617668825086
28,2,train_folds_1_2_valid_folds_0,0.6639363048930598,0.39642384617983917,0.714214277005646,0.5814207650273224,0.39642384617983917
29,0,train_folds_0_1_valid_folds_2,0.681124120415125,0.4046045639896567,0.7601741945523374,0.5527230590961761,0.4046045639896567
29,1,train_folds_0_2_valid_folds_1,0.6286738338368892,0.3682148448150537,0.7343757019906855,0.5321001088139282,0.3682148448150537
29,2,train_folds_1_2_valid_folds_0,0.6697437140105059,0.4071073607030972,0.7618575128327849,0.5748633879781421,0.4071073607030972
