trial,analysis,hsv_h_just,hsv_s_just,hsv_v_just,degrees_just,translate_just,scale_just,shear_just,perspective_just,flipud_just,fliplr_just,bgr_just,mosaic_just,mixup_just,cutmix_just,copy_paste_just,close_mosaic_just,hsv_h_value,hsv_s_value,hsv_v_value,degrees_value,translate_value,scale_value,shear_value,perspective_value,flipud_value,fliplr_value,bgr_value,mosaic_value,mixup_value,cutmix_value,copy_paste_value,close_mosaic_value
0,"Nadir orchard tiles are rotation- and flip-symmetric, so I enable the full flip set and substantial rotation (round peaches suffer minimal axis-aligned box distortion under rotation). The class-discriminative signal is the orange/yellow hue of peach fragments against green foliage, so I keep hue jitter tight while allowing generous saturation/brightness variation to model outdoor illumination changes. Because 52% of objects are already COCO-small and mosaic itself downsizes sources, I moderate scale-down zoom, keep mosaic at full strength (it densifies sparse scenes and mimics tile-edge truncation), and disable label-blending/warping augmentations (mixup, cutmix, shear, perspective, bgr) that corrupt tiny color cues or produce off-distribution geometry. This gives an interpretable, domain-grounded anchor whose individual knobs can be perturbed deliberately in later trials.","Hue is the primary cue separating orange/yellow peaches from green canopy; large hue shifts could turn peaches green or foliage orange, destroying the class signal. A small jitter near the default handles minor camera/white-balance variation without corrupting the discriminative channel.","Outdoor drone imagery varies in saturation with sun angle, haze, and exposure, and saturation jitter preserves hue ordering, so peaches stay 'orange-ish'. A moderately strong value near the default gives illumination robustness that a small dataset needs.","Brightness varies strongly across drone flights (shadows under canopy vs. sunlit ground) and value jitter is the most realistic photometric variation; occluded peaches in shadow are common, so I go slightly above default.","Nadir imagery has no canonical orientation, so rotation produces perfectly in-distribution images; peaches are round, so rotating them barely inflates their axis-aligned boxes. I use the maximum allowed range to exploit this true invariance, which combined with flips covers most of the rotation group.",Translation reproduces the tile-edge truncation already present in 21% of boxes and shifts sparse objects across the canvas; a modest value adds this realistic variation without pushing most single-peach tiles' only object out of frame.,"Half the peaches are already COCO-small (p5 = 12 px at training resolution), and mosaic further downsizes sources, so aggressive scale-down risks pushing objects below detectability; some zoom variation is still realistic (flight-altitude drift). I reduce below the 0.5 default to protect small-object recall.","Shear produces parallelogram distortions that never occur in nadir orthomosaic tiles and distorts the tight boxes of small round fruit; it is off-distribution, so I disable it.","Perspective warp models oblique viewing angles absent from straight-down 15 m captures; the warp also corrupts tiny bounding boxes disproportionately, so I disable it.",Vertical flips are exactly in-distribution for nadir imagery with no canonical up direction; a 0.5 probability doubles effective geometric diversity at zero label cost.,Horizontal flips are likewise a true invariance of the nadir scene; keep the standard 0.5 probability.,Channel swapping turns orange peaches blue — a categorical destruction of the single most discriminative cue in this task. Disable entirely.,"Mosaic is the strongest regularizer available for a 1,781-image dataset and a nano model: it densifies sparse scenes (median 1 instance/tile), diversifies context (canopy vs. ground peaches in one canvas), and its edge-cutting mimics the tiling truncation seen at validation. The downsizing cost to small objects is partially offset by the reduced scale setting and STAL's small-object assignment, so I keep it at full probability.","Alpha-blending two images washes out the faint color fragments that are the only evidence for occluded small peaches and creates ghost labels; harmful for tiny-object color-cue detection, so disable.","Pasted rectangles can cover or bisect tiny peaches, creating label noise disproportionate to any regularization gain in a sparse single-class scene; disable for the baseline.","With box-only labels, copy-paste has limited or no effect in Ultralytics and any box-level paste would carry rectangular background patches that create artifacts around tiny objects; disable.","Fine-tuning the final epochs on full-resolution, unfragmented tiles lets the model calibrate to the true validation object-size distribution after mosaic's downsizing pressure; the default 10 epochs gives a meaningful mosaic-free phase even if early stopping trims a few epochs.",0.015,0.6,0.5,45.0,0.15,0.3,0.0,0.0,0.5,0.5,0.0,1.0,0.0,0.0,0.0,10
1,"Only one completed trial exists (the domain-grounded anchor at 0.3679), so attribution data is scarce. The single biggest untested lever is mosaic: it densifies sparse scenes and mimics tile-edge truncation, but it also downsizes source tiles, pushing an already small-object distribution (52% COCO-small, p5=12px) toward the undetectable regime. This trial runs a clean single-variable probe: halve mosaic probability to 0.5 while holding every other knob identical to trial 0, so the score difference directly measures whether the shrinking cost of full-strength mosaic outweighs its regularization benefit for this nano model.","Hue carries the peach-vs-foliage discriminative signal, so it should stay tight; unchanged from trial 0 to isolate the mosaic change.",Moderate saturation jitter models outdoor illumination without destroying color cues; kept at trial 0's value for clean attribution.,"Brightness varies most naturally in drone imagery (sun angle, canopy shadow); kept at 0.5 as in trial 0.",Nadir imagery is rotation-symmetric and round peaches suffer minimal axis-aligned box distortion; keeping full 45° rotation from trial 0.,Translation mimics tile-edge truncation seen in 21% of boxes; unchanged at 0.15 to keep this trial a single-variable test.,Moderate zoom range (0.7–1.3x) avoids shrinking small peaches below detectability; unchanged from trial 0 so the mosaic effect is isolated.,Shear produces off-distribution geometric distortion never present in nadir orthomosaic tiles; kept disabled.,Perspective warp is off-distribution for nadir imagery and distorts small boxes; kept at 0.,Vertical flips are a true invariance of nadir imagery; kept at 0.5.,Horizontal flips are a true invariance of nadir imagery; kept at 0.5.,Channel swapping would turn the discriminative orange peach signal into a blue one — categorically wrong for a color-dependent class; kept off.,This is the probed variable: reduced from 1.0 to 0.5 to test whether full-strength mosaic's downsizing of already-small peaches (p5=12px at 640) costs more recall than its scene-densification and regularization gain. Half the batches still receive mosaic's benefits while half preserve full-resolution objects.,Blending images washes out the small colored fragments that constitute the only evidence for occluded peaches; kept off.,"Pasted regions can occlude or orphan tiny boxes, corrupting labels; kept off pending later probes.",Likely a no-op with box-only labels and risks pasting rectangular artifacts; kept off.,"Keeping the 10-epoch mosaic-free fine-tuning phase ensures the model ends on full-resolution, unfragmented tiles matching the validation distribution; unchanged from trial 0.",0.015,0.6,0.5,45.0,0.15,0.3,0.0,0.0,0.5,0.5,0.0,0.5,0.0,0.0,0.0,10
2,"Trial 1 (mosaic=0.5) scored marginally higher than trial 0 (mosaic=1.0), +0.003 — within noise but directionally consistent with the hypothesis that mosaic's source-downsizing hurts an already small-object-heavy distribution (52% COCO-small, p5=12px). With 27 trials remaining, I extend this single-variable probe by dropping mosaic further to 0.25 while holding all other knobs at the trial-0/1 values. If the trend continues, mosaic is a genuine cost driver here; if the score regresses, the optimum sits near 0.5 and I can bracket it. Clean attribution now buys confidence for coordinated changes later.","Hue is the peach-vs-foliage discriminative channel; both prior trials used the tight default 0.015 and scored well, so I keep it fixed for clean attribution.",Moderate saturation jitter models outdoor illumination without erasing the color cue; unchanged from trials 0-1 to isolate the mosaic probe.,"Brightness varies most naturally in drone imagery (sun angle, shadows); 0.5 worked in both prior trials and is held fixed.",Nadir imagery is rotation-symmetric and round peaches keep tight axis-aligned boxes under rotation; keeping the full 45-degree rotation used in both prior trials.,Modest translation mimics tile-edge truncation already present in 21% of boxes; unchanged to keep the probe clean.,"Scale-down risks pushing p5=12px objects below detectability, so the conservative 0.3 from prior trials is retained; scale will be probed in a later trial.",Shear produces off-distribution distortions never seen in nadir orthomosaic tiles; kept disabled.,Nadir tiles have no perspective variation; warping would only corrupt tiny boxes. Kept at zero.,Vertical flips are exactly in-distribution for nadir imagery; kept at 0.5 as in both prior trials.,Horizontal flips are likewise valid symmetries of the scene; kept at 0.5.,Channel swapping is a categorical color change that destroys the peach hue cue; kept disabled.,"This is the single variable under test: trial 1's halving to 0.5 nudged the score up, suggesting mosaic's downsizing cost may outweigh its densification benefit for these small objects. Dropping to 0.25 extends the trend probe.",Blending images washes out the small colored fragments that constitute the visible evidence for occluded peaches; kept disabled.,Pasted regions can sever tiny objects and create label noise disproportionate to their size; kept disabled.,"With only bounding-box labels, copy-paste has limited or no effect in Ultralytics; kept at zero.","Kept at 10 so the mosaic-free fine-tuning phase is identical across trials 0-2, ensuring the score difference is attributable to mosaic probability alone.",0.015,0.6,0.5,45.0,0.15,0.3,0.0,0.0,0.5,0.5,0.0,0.25,0.0,0.0,0.0,10
3,"The mosaic probe shows a consistent monotonic trend across three trials: mosaic 1.0 → 0.5 → 0.25 gave 0.3679 → 0.3708 → 0.3720. Each step is small individually, but the repeated directional consistency strengthens the hypothesis that mosaic's source-downsizing hurts this small-object-dominated distribution (52% COCO-small, p5=12px at training resolution) more than its densification/regularization helps. The logical next step is to complete the bracket at mosaic=0.0 while holding all other knobs fixed, giving clean attribution and locating the mosaic optimum (either at 0 or between 0 and 0.25) before moving on to photometric and geometric probes with the remaining budget.",Hue carries the peach-vs-foliage discriminative signal; tight jitter at the default has been in all trials and remains untested but low-risk. Keep fixed for clean mosaic attribution.,Moderate saturation jitter models outdoor illumination without destroying color cues; unchanged from the best configuration to isolate the mosaic variable.,"Brightness varies naturally in drone imagery (sun angle, canopy shadow); 0.5 has been present in all trials and is kept fixed.",Nadir imagery is rotation-symmetric and round peaches suffer minimal axis-aligned box distortion under rotation; keep full 45° rotation unchanged.,Mild translation mimics tile-edge truncation already present in 21% of boxes; unchanged from the best trial.,"Moderated scale range protects the p5≈12px objects from shrinking below detectability; kept at 0.3 to preserve single-variable attribution. Note that with mosaic removed this trial, scale becomes the sole size-perturbing augmentation, which is itself informative.",Shear produces off-distribution distortions of round objects never seen in nadir validation imagery; keep disabled.,Perspective warp is off-distribution for nadir tiles and distorts small boxes; keep disabled.,Nadir scenes have no canonical up; vertical flips are exactly in-distribution. Keep at 0.5.,Horizontal flips are equally valid under nadir symmetry; keep at 0.5.,Channel swapping is a categorical color corruption that would destroy the peach hue cue; keep disabled.,Three trials show monotonic improvement as mosaic drops (1.0→0.5→0.25 gave 0.3679→0.3708→0.3720). Completing the bracket at 0.0 tests whether the trend continues or whether a small residual mosaic probability is optimal; this is the cleanest remaining single-variable probe.,Blending images would dilute the tiny color fragments that constitute the visible evidence for occluded peaches; keep disabled.,Cutmix regions can fragment or occlude small objects and corrupt labels; keep disabled while mosaic is being isolated.,"With only bounding-box labels, copy-paste has limited or no effect in Ultralytics; keep disabled.",With mosaic=0.0 this parameter has no effect; keep at 10 for consistency with prior trials so it does not confound anything.,0.015,0.6,0.5,45.0,0.15,0.3,0.0,0.0,0.5,0.5,0.0,0.0,0.0,0.0,0.0,10
4,"The mosaic bracket is now complete: 1.0→0.3679, 0.5→0.3708, 0.25→0.3720, 0.0→0.3662, indicating an interior optimum near 0.25 and confirming that object-shrinking augmentation carries real cost for this small-object distribution, but that some mosaic densification/truncation-mimicry is still beneficial. I lock mosaic at 0.25 and run the next clean single-variable probe on the other main shrinkage lever: scale. If reducing scale jitter from 0.3 to 0.15 helps, it corroborates the shrinkage-cost hypothesis along a second axis; if it hurts, the scale optimum sits at or above 0.3 and I can bracket upward. All other knobs stay at the trial-2 best for attribution.","Hue is the class-discriminative channel separating peach fragments from green foliage; keeping the tight jitter used in all trials so far, untested but low-risk.",Moderate saturation jitter models outdoor illumination variation without destroying color cues; unchanged from the best configuration to preserve attribution.,"Brightness varies naturally in drone imagery (sun angle, shadows); keeping the value used in the current best config.",Nadir imagery is rotation-symmetric and round peaches suffer minimal box distortion under rotation; keep full 45° rotation from the best config.,Modest translation mimics tile-edge truncation already present in 21% of boxes; unchanged from the best config.,"The mosaic bracket showed that shrinking small objects (p5=12px at training res) is costly; scale-down zoom is the other main shrinkage source. Halving scale jitter from 0.3 to 0.15 tests whether the same shrinkage-cost mechanism applies here, as a clean single-variable probe.",Shear produces off-distribution distortions never seen in nadir orthomosaic tiles and distorts axis-aligned boxes of small round objects; keep disabled.,Nadir imagery has no perspective variation to model; warping would only corrupt small boxes. Keep at zero.,"Nadir scenes are vertically flip-symmetric; keeping 0.5 as a free, distribution-preserving augmentation.",Horizontal flip is equally valid for nadir imagery; keep at 0.5.,Channel swap is a categorical color change that would destroy the orange-vs-green discriminative cue; keep disabled.,The completed bracket (1.0/0.5/0.25/0.0 → 0.368/0.371/0.372/0.366) places the optimum near 0.25; fix at the best-known value while probing scale.,Blending images washes out the faint color fragments that are the only evidence for occluded peaches; keep disabled.,Pasted regions can occlude or fragment tiny objects and create label noise; keep disabled pending stronger evidence that more regularization is needed.,"With only box labels (no segmentation masks), copy-paste has limited or no effect; keep at zero.","With mosaic at only 0.25 probability, the final mosaic-free fine-tuning phase remains cheap insurance for full-resolution adaptation; unchanged from the best config.",0.015,0.6,0.5,45.0,0.15,0.15,0.0,0.0,0.5,0.5,0.0,0.25,0.0,0.0,0.0,10
5,"The mosaic bracket (1.0→0.3679, 0.5→0.3708, 0.25→0.3720, 0.0→0.3662) identified an interior optimum near 0.25, and trial 4 showed reducing scale from 0.3 to 0.15 hurt clearly (-0.009), the largest single-knob effect so far. This means the scale optimum sits at or above 0.3 — the shrinkage-cost hypothesis does not extend to modest scale jitter, likely because scale-up zooming actually enlarges small peaches. I complete the scale bracket upward with a clean single-variable probe at scale=0.5 (the Ultralytics default), holding all other knobs at the trial-2 best configuration for unambiguous attribution.","Peach-vs-foliage discrimination depends on hue; tight hue jitter has been in every trial including the best, so keep it fixed while the scale probe runs.","Unchanged from best config; saturation jitter of 0.6 models outdoor illumination variation without erasing the color cue, and photometrics have not yet been probed — keep constant for attribution.","Brightness varies naturally in drone imagery (shadows, sun angle); 0.5 has been constant across all trials and stays fixed.","Nadir imagery is rotation-symmetric and round peaches suffer minimal box distortion under rotation; 45° has been in every trial including the best, so keep it.",0.15 mimics tile-edge truncation (21% of boxes touch edges) and is part of the best config; unchanged.,"Trial 4 showed scale=0.15 clearly underperforms scale=0.3 (0.3631 vs 0.3720), so the optimum is at or above 0.3. Probing 0.5 completes the bracket upward; scale-up zooms enlarge small peaches, which may help the 52% COCO-small fraction.",Shear produces off-distribution distortions of nadir imagery and warps axis-aligned boxes on small round objects; remains disabled.,Nadir orthomosaic tiles have no perspective variation at test time; keep disabled to avoid off-distribution warps.,Vertical flips are exact invariances of nadir imagery; keep at 0.5 as in all trials.,Horizontal flips are exact invariances of nadir imagery; keep at 0.5.,"Channel swap is a categorical color change that would turn orange peaches blue-ish, destroying the discriminative cue; keep off.",The completed four-point bracket located an interior optimum near 0.25 (best score 0.3720); lock it here while probing scale.,Blending images washes out the small colored fragments that are the only evidence for occluded peaches; keep disabled.,Pasted regions can occlude or orphan tiny boxes; keep disabled pending evidence the current policy under-regularizes.,Likely inert with box-only labels and risks pasting context-inconsistent fragments; keep off.,With mosaic at only 0.25 the final mosaic-free fine-tuning phase remains cheap insurance; keep at 10 as in the best config.,0.015,0.6,0.5,45.0,0.15,0.5,0.0,0.0,0.5,0.5,0.0,0.25,0.0,0.0,0.0,10
6,"Six trials have cleanly bracketed the two shrinkage levers: mosaic peaks near 0.25 (0.0→0.3662, 0.25→0.3720, 0.5→0.3708, 1.0→0.3679) and scale is roughly flat between 0.3 and 0.5 (0.15→0.3631, 0.3→0.3720, 0.5→0.3715), so I lock mosaic=0.25 and scale=0.3. The largest untested knob is rotation: degrees=45 has been in every trial, but heavy rotation creates blank border regions and interpolation blur that erode the tiny color-fragment cues, while the flip set already provides 4-fold symmetry coverage. This trial runs a clean single-variable probe reducing degrees to 15, holding everything else at the trial-2 best, to test whether moderate rotation preserves the nadir-invariance benefit with less image corruption.","Hue carries the peach-vs-foliage discriminative signal, so jitter stays tight; unchanged from the best configuration and untested so far — will probe photometrics after geometry is settled.",Moderate saturation jitter models outdoor illumination without destroying color cues; kept at the trial-2 best value for clean attribution of the degrees change.,Generous brightness jitter matches natural sun/shadow variation in drone imagery; unchanged from the best configuration.,"All prior trials used 45°, which maximizes blank-border area and interpolation blur on already-tiny objects; flips already give 4-fold symmetry, so moderate 15° rotation may retain rotational invariance benefits with less pixel corruption. This is the single variable changed this trial.",0.15 mimics the tile-edge truncation present in 21% of boxes without excessive blank canvas; unchanged pending a later probe.,"The bracket 0.15→0.3631, 0.3→0.3720, 0.5→0.3715 shows the optimum at or near 0.3; I keep the best-known value.",Shear produces off-distribution distortions of round fruit and inflates axis-aligned boxes; keep disabled as in all trials.,"Nadir imagery has no perspective variation to model, and warps corrupt small boxes; keep at 0.",Vertical flips are exact invariances of nadir imagery and cost nothing; keep at 0.5.,Horizontal flips are likewise valid invariances; keep at 0.5.,Channel swap is a categorical color change that would destroy the orange-vs-green cue detection depends on; keep disabled.,The completed bracket identified an interior optimum at 0.25 — enough densification and truncation-mimicry without excessive source downsizing of small objects; keep at the best-known value.,Blending images washes out the small colored fragments that constitute the only evidence for occluded peaches; keep disabled.,Kept off this trial to isolate the degrees probe; a cutmix probe (densification without shrinking) is a candidate for a later trial.,Likely a no-op with box-only labels and risks label artifacts otherwise; keep disabled.,"With mosaic at only 0.25, the final clean-image fine-tuning phase remains beneficial and low-risk; keep at 10.",0.015,0.6,0.5,15.0,0.15,0.3,0.0,0.0,0.5,0.5,0.0,0.25,0.0,0.0,0.0,10
7,"Trial 6's reduction of rotation from 45° to 15° produced the best score so far (0.3732 vs 0.3720), consistent with the hypothesis that heavy rotation's border-fill and interpolation blur corrupt tiny color-fragment cues more than the extra invariance helps — the flip set already covers 4-fold symmetry. With 22 trials remaining, I complete the degrees bracket with a clean single-variable probe at degrees=0, holding everything else at the trial-6 best. This locates the rotation optimum (0, ~15, or interior) before I move to the untested photometric knobs (hsv_s, hsv_v, hsv_h) and translate in subsequent trials.","Hue is the primary peach-vs-foliage discriminative cue; kept at the tight 0.015 used in all trials so far, to be probed later in isolation.",Unchanged from the best configuration (0.6) to preserve clean attribution for the degrees probe; saturation jitter models outdoor lighting without destroying color identity.,Unchanged at 0.5 — brightness variation is the dominant natural variation in drone imagery and this value has been present in every trial including the best.,"Completing the rotation bracket: 45°→0.3720, 15°→0.3732 suggests less rotation is better. Testing 0° determines whether flips alone suffice for nadir symmetry or whether some rotation (interior optimum near 15°) is still beneficial.",Kept at 0.15 from the best config; translation mimics the tile-edge truncation seen in 21% of boxes and has not yet been probed — held fixed for attribution.,The scale bracket showed 0.3 and 0.5 are statistically indistinguishable (0.3720 vs 0.3715) while 0.15 clearly hurt; keeping 0.3 from the best configuration.,Shear produces off-distribution geometric distortion for nadir imagery of round objects and distorts axis-aligned boxes; kept disabled as in all trials.,Perspective warp is unrealistic for fixed-altitude nadir capture and corrupts small-object boxes; kept at 0.,"Nadir imagery is exactly symmetric under vertical flip; 0.5 is a free, label-preserving invariance used in every trial.",Same reasoning as flipud — a true invariance of the data; kept at 0.5.,"Channel swapping is a categorical color change that would turn orange peaches blue-ish, destroying the class-defining hue cue; kept at 0.","The completed mosaic bracket identified an interior optimum near 0.25 (0.0→0.3662, 0.25→0.3720, 0.5→0.3708, 1.0→0.3679); locked at 0.25.",Blending images washes out the small color fragments that constitute the entire visible evidence for occluded peaches; kept disabled.,"Pasted regions can sever or fabricate tiny peach boxes, corrupting labels for objects with p5≈12px; kept disabled.",Likely a no-op or crude box-paste without segmentation labels; kept at 0 to avoid uncontrolled label noise.,"With mosaic at only 0.25, the final mosaic-free fine-tuning window remains useful for adapting to unfragmented full-resolution tiles; kept at the default 10 used in all trials.",0.015,0.6,0.5,0.0,0.15,0.3,0.0,0.0,0.5,0.5,0.0,0.25,0.0,0.0,0.0,10
8,"The degrees bracket is complete: 45→0.3679/0.3720, 15→0.3732, 0→0.3782 — a monotonic, repeated trend showing rotation only costs on this data (flips already cover the symmetry, and rotation's border-fill/blur corrupts tiny color fragments). I lock degrees=0 with the trial-7 best config (mosaic=0.25, scale=0.3) and move to the untested photometric axis. Since detection depends on small color/texture fragments distinguishing peaches from foliage, strong saturation jitter (currently 0.6) may erode the discriminative color signal; this trial runs a clean single-variable probe lowering hsv_s to 0.3 to bracket the saturation optimum before probing hsv_v and translate in later trials.","Hue is the primary class-discriminative channel (orange peach vs. green foliage), so jitter stays tight; unchanged from the best config to keep attribution clean.","This trial's single probe: saturation jitter of 0.6 may wash out or oversaturate the small color fragments that identify occluded peaches. Halving to 0.3 tests whether reduced photometric corruption helps, bracketing the saturation optimum.",Brightness variation is natural in outdoor drone imagery and untested so far; held at 0.5 from the best config so the hsv_s change is cleanly attributable.,The completed bracket (45→15→0 gave 0.3720→0.3732→0.3782) shows rotation is purely costly here; locked at 0.,Translation mimics tile-edge truncation (21% of boxes touch edges) and 0.15 has been in every trial including the best; unchanged pending its own probe later.,"Scale bracket showed 0.15 hurts, 0.3 and 0.5 are roughly equal; keep 0.3 from the best config.",Shear produces off-distribution geometric distortion of round objects with no nadir-imagery justification; kept disabled.,Nadir imagery has essentially no perspective variation; warping would only distort tiny boxes. Kept at 0.,Vertical flips are exact invariances of nadir imagery and have been in every trial including the best; kept at 0.5.,Horizontal flips are likewise valid invariances; kept at 0.5.,Channel swap is a categorical color corruption that would destroy the peach hue cue; kept disabled.,"Complete bracket (0→0.3662, 0.25→0.3720, 0.5→0.3708, 1.0→0.3679) identified an interior optimum near 0.25; locked there.",Image blending destroys the faint color fragments of occluded small peaches; kept disabled.,Region pasting can fragment or occlude tiny objects and corrupt labels; kept disabled.,With only bounding-box labels copy-paste is limited or inert and would paste rectangular context patches; kept disabled.,"With mosaic at only 0.25, the final mosaic-free fine-tuning window at 10 epochs remains cheap and matches all prior trials; unchanged for attribution.",0.015,0.3,0.5,0.0,0.15,0.3,0.0,0.0,0.5,0.5,0.0,0.25,0.0,0.0,0.0,10
9,"Trial 8's saturation probe (hsv_s 0.6→0.3) regressed from 0.3782 to 0.3750, indicating the saturation optimum sits at or above 0.6 — stronger saturation jitter appears to help rather than erode the peach color cue, plausibly because saturation robustness matters under varying outdoor illumination while hue remains the tightly-preserved discriminative channel. I complete the hsv_s bracket upward with a clean single-variable probe at 0.85, holding all other knobs at the trial-7 best (degrees=0, mosaic=0.25, scale=0.3). This locates the saturation optimum (near 0.6 vs. higher) before I probe hsv_v, translate, and close_mosaic in subsequent trials with the ample remaining budget.",Hue is the primary peach-vs-foliage discriminative channel and 0.015 has been in every trial including the best; keeping it tight and fixed preserves attribution for the hsv_s probe.,"The bracket so far shows 0.3→0.3750 and 0.6→0.3782, so the optimum is at or above 0.6; probing 0.85 (near the range top) tests whether aggressive saturation jitter continues to help as illumination-robustness regularization.","Untested so far but present in every trial at 0.5; held fixed for clean attribution of the hsv_s change, to be bracketed in a later trial.","The completed rotation bracket (45→0.368/0.372, 15→0.373, 0→0.378) shows a monotonic trend favoring no rotation — flips already cover nadir symmetry and rotation border-fill corrupts tiny fragments. Keep at 0.",0.15 has been in every trial including the best; it mimics tile-edge truncation modestly. Held fixed for attribution; will probe later.,"Scale bracket showed 0.15 clearly hurts, 0.3 and 0.5 roughly tied with 0.3 marginally ahead; keep at 0.3 from the best config.",Shear produces off-distribution distortions of axis-aligned boxes on round objects in nadir imagery; kept disabled as in all trials.,Nadir imagery has no perspective variation to model; warping corrupts small boxes. Kept at 0.,Nadir imagery is vertically flip-symmetric; 0.5 provides free invariance and has been in every trial including the best.,Horizontal flip is a true invariance of nadir imagery; kept at 0.5 as in all trials.,Channel swap is a categorical color corruption that would destroy the peach-vs-foliage hue signal; kept at 0.,"The completed bracket (0→0.3662, 0.25→0.3720, 0.5→0.3708, 1.0→0.3679) identified an interior optimum near 0.25; kept locked there.",Blending images washes out the tiny color fragments that carry the detection signal; kept disabled.,Pasted regions can occlude or truncate tiny peaches with mislabeled extents; kept disabled.,Likely inert or harmful with box-only labels (rectangular pastes bring background); kept at 0.,"With mosaic at only 0.25 the mosaic-free fine-tuning window matters less, but 10 has been in every trial including the best; held fixed for attribution.",0.015,0.85,0.5,0.0,0.15,0.3,0.0,0.0,0.5,0.5,0.0,0.25,0.0,0.0,0.0,10
10,"The hsv_s bracket is now complete: 0.3→0.3750, 0.6→0.3782, 0.85→0.3731, confirming an interior optimum at or near 0.6, so I lock hsv_s=0.6 with the trial-7 best configuration (degrees=0, mosaic=0.25, scale=0.3). The next untested photometric axis is brightness (hsv_v, held at 0.5 in every trial). Outdoor drone imagery naturally varies most in illumination intensity (sun angle, cloud cover, canopy shadow), and brightness jitter preserves hue — the discriminative channel — so I probe upward to hsv_v=0.7 as a clean single-variable test; if it regresses I will bracket downward next. All other knobs stay at the trial-7 best for unambiguous attribution, with translate, close_mosaic, and hsv_h queued for later probes given the ample remaining budget.",Hue is the class-discriminative channel separating peach fragments from green foliage; the tight 0.015 jitter has been in every strong trial and remains untested only because it is low-risk. Keep it fixed for clean attribution of the hsv_v probe.,"The completed bracket (0.3→0.3750, 0.6→0.3782, 0.85→0.3731) shows an interior optimum at or near 0.6, so I lock it there.","Brightness has been fixed at 0.5 in all trials and is the dominant natural variation axis in outdoor drone imagery (sun, clouds, canopy shadow); unlike hue jitter, it preserves the discriminative color signature. Probing upward to 0.7 tests whether more illumination robustness helps, mirroring how moderate-strong saturation jitter proved beneficial.","The degrees bracket was monotonic (45→~0.370, 15→0.3732, 0→0.3782): rotation only costs on this data since flips already cover the symmetry and rotation's border-fill/blur corrupts tiny color fragments. Keep at 0.","Untested but low-risk at 0.15, which mimics tile-edge truncation seen in 21% of boxes. Held constant to keep this trial a clean hsv_v probe; a translate bracket is queued for a later trial.",Scale bracket showed 0.15 clearly hurts (-0.009) while 0.3 and 0.5 are statistically tied (0.3720 vs 0.3715); keeping 0.3 matches the trial-7 best configuration.,Shear produces off-distribution geometric distortion of small round objects with no counterpart in nadir imagery; evidence so far consistently favors minimal geometric warping. Keep at 0.,Nadir imagery from fixed altitude has essentially no perspective variation; warping would only distort tiny boxes. Keep at 0.,"Nadir scenes are statistically symmetric under vertical flip; this is a free, distribution-preserving augmentation present in every strong trial. Keep at 0.5.",Horizontal flip is equally valid for nadir imagery and costless. Keep at 0.5.,"Channel swapping is a categorical color change that would destroy the peach-vs-foliage hue cue, the core discriminative signal. Keep at 0.","The completed mosaic bracket (0.0→0.3662, 0.25→0.3720, 0.5→0.3708, 1.0→0.3679) shows an interior optimum near 0.25 — some densification/truncation-mimicry helps but heavy source-downsizing hurts the small-object distribution. Keep at 0.25.",Blending images washes out the small color fragments that carry the detection signal; no evidence yet warrants enabling it. Keep at 0.,Pasted regions can occlude or fragment tiny peaches and create label noise; kept off in all strong trials. Keep at 0.,Likely a no-op or noisy with box-only labels; keep disabled.,"With mosaic at only 0.25, the final mosaic-free phase has modest marginal effect; keeping 10 preserves the trial-7 best setup for clean attribution of the hsv_v change.",0.015,0.6,0.7,0.0,0.15,0.3,0.0,0.0,0.5,0.5,0.0,0.25,0.0,0.0,0.0,10
11,"Trial 10's hsv_v probe (0.5→0.7) was flat-to-slightly-negative (0.3775 vs 0.3782), suggesting the brightness optimum sits near 0.5; I revert hsv_v and keep the trial-7 best base (degrees=0, mosaic=0.25, scale=0.3, hsv_s=0.6). The next untested first-order knob is translate, held at 0.15 in every trial. Because 21% of validation boxes are tile-edge-truncated, stronger translation directly mimics the test distribution's truncation phenomenon at low cost (no interpolation blur, no object shrinkage), so I run a clean single-variable probe upward to translate=0.3. If it regresses I will bracket downward; if it helps, translate becomes a cheap gain to stack with later close_mosaic and hsv_h probes.","Hue is the class-discriminative channel separating peach fragments from foliage; it has been held tight at 0.015 across all trials including the best, and I keep it fixed for attribution (a dedicated hue probe is queued later).","The completed saturation bracket (0.3→0.3750, 0.6→0.3782, 0.85→0.3731) shows an interior optimum at ~0.6, so I lock it.","Trial 10 showed 0.7 was slightly worse than 0.5 (0.3775 vs 0.3782), so I revert to 0.5, the value in the best configuration.","The rotation bracket was monotonic (45→~0.370, 15→0.3732, 0→0.3782): rotation only costs on this data since flips already cover nadir symmetry and rotation's border-fill/blur corrupts tiny color fragments. Keep at 0.","Translate has never been probed (held at 0.15). Since 21% of boxes are tile-edge-truncated, stronger translation replicates the exact truncation phenomenon present in validation without shrinking objects or blurring pixels — this is the clean single-variable probe of this trial.","The scale bracket showed 0.15 hurts clearly and 0.3 vs 0.5 are roughly flat (0.3720 vs 0.3715); 0.3 was in the best trial, so I keep it.",Shear produces off-distribution geometric distortion never seen in nadir imagery and warps axis-aligned boxes of small round objects; kept disabled as in all trials.,Nadir orthomosaic tiles have no perspective variation; the warp would only distort tiny boxes. Kept at 0.,"Nadir imagery is vertically symmetric; flipud=0.5 is a free, distribution-preserving augmentation present in every trial including the best.",Horizontal flips are exactly on-distribution for nadir imagery; keep at 0.5 as in all trials.,"Channel swapping is a categorical color change that destroys the peach-vs-foliage hue cue, the primary discriminative signal. Kept disabled.","The completed mosaic bracket (0.0→0.3662, 0.25→0.3720, 0.5→0.3708, 1.0→0.3679) located an interior optimum at 0.25; keep it locked.",Blending images would wash out the small colored fragments that carry the detection signal; kept disabled as in all trials to preserve attribution for the translate probe.,Cutmix pastes rectangles that can occlude or fragment tiny peaches and create label noise; kept disabled.,With box-only labels copy-paste has limited/no effect in Ultralytics; kept at 0.,"Held at 10 in every trial including the best; with mosaic already low at 0.25 its effect is modest, and I keep it fixed so the translate change is the only variable. A close_mosaic probe is queued for a later trial.",0.015,0.6,0.5,0.0,0.3,0.3,0.0,0.0,0.5,0.5,0.0,0.25,0.0,0.0,0.0,10
12,"Twelve trials have converged on a strong base (trial 7, 0.3782): mosaic=0.25, scale=0.3, degrees=0, hsv_s=0.6, hsv_v=0.5, translate=0.15, full flips. The completed brackets show that object-shrinking and image-blurring augmentations (heavy mosaic, scale-down, rotation) hurt, while modest photometric jitter helps, and translate=0.3 slightly regressed. The remaining untested levers are the mixing-family regularizers (cutmix, mixup, copy_paste), bgr, hsv_h, and close_mosaic. Cutmix is the most promising: it pastes intact regions without shrinking or blending objects, directly mimics the pervasive foliage-occlusion phenomenon in this data, and adds instance density to sparse scenes — so this trial runs a clean single-variable probe at cutmix=0.25 on the trial-7 best base for unambiguous attribution.",Hue is the discriminative channel separating peach fragments from foliage; 0.015 has been in every top-scoring trial and remains untested only because it is low-risk. Keep it fixed to isolate the cutmix probe.,"The saturation bracket is complete with an interior optimum at 0.6 (0.3→0.3750, 0.6→0.3782, 0.85→0.3731). Keep at the located optimum.","Trial 10 showed hsv_v=0.7 was flat-to-negative versus 0.5, so the brightness optimum sits near 0.5. Keep unchanged.","The degrees bracket was monotonic: 45→~0.370, 15→0.3732, 0→0.3782 — rotation's border-fill and interpolation blur only cost on this data since flips already cover nadir symmetry. Keep at 0.","Trial 11's translate=0.3 slightly regressed (0.3769 vs 0.3782), so the optimum is at or below 0.15. Keep at 0.15 while probing cutmix; a downward translate probe can follow later.","The scale bracket showed 0.15 clearly hurts and 0.3–0.5 is flat, with 0.3 marginally best. Keep at 0.3, the value in the best configuration.",Shear produces off-distribution geometric distortion of small round objects never seen in nadir validation imagery; it has been 0 in all trials and stays disabled.,Nadir imagery has no perspective variation; warping would only distort tiny axis-aligned boxes. Keep disabled.,Nadir scenes are statistically flip-symmetric; flipud=0.5 has been in every trial including the best. Keep unchanged.,Same symmetry argument as flipud; 0.5 is the natural probability and has been constant across all trials. Keep unchanged.,Channel swapping is a categorical color change that maps orange peaches to blue — destroying the sole discriminative color cue. Keep disabled.,"The mosaic bracket located an interior optimum at 0.25 (0.0→0.3662, 0.25→0.3720, 0.5→0.3708, 1.0→0.3679), balancing densification/truncation-mimicry against source downsizing. Keep at 0.25.","Mixup blends entire images, producing translucent ghost peaches whose faint color fragments would be nearly invisible — the worst-case corruption for a color-fragment-dependent task. Keep disabled.","This trial's single-variable probe: cutmix pastes intact rectangular regions without shrinking, blurring, or blending objects, mimics the pervasive foliage-occlusion and tile-edge truncation in this data, and densifies sparse scenes (median 1 instance/tile) — a plausible regularization gain for a nano model on 1,781 images. A moderate probability of 0.25 tests the hypothesis with limited risk.","With only bounding-box labels, copy-paste degenerates to crude rectangular patch pasting with hard seams; keep disabled to preserve clean attribution of the cutmix probe.","With mosaic at only 0.25, the mosaic-free final phase is a mild change but has been present in every trial including the best; keep at 10 unchanged to isolate cutmix.",0.015,0.6,0.5,0.0,0.15,0.3,0.0,0.0,0.5,0.5,0.0,0.25,0.0,0.25,0.0,10
13,"Trial 7 (0.3782) remains best; subsequent single-variable probes (hsv_v=0.7, translate=0.3, hsv_s=0.85/0.3, cutmix=0.25) all regressed slightly, confirming the base is well-tuned on those axes. One important confound remains: the scale bracket (0.15/0.3/0.5) was run entirely under degrees=45, whose border-fill and blur we later found harmful — so the scale optimum under the current degrees=0 base is unknown, and scale-up zooming is the one geometric augmentation that ENLARGES the many sub-32px peaches. This trial runs a clean single-variable probe at scale=0.45 on the trial-7 base to re-test the scale axis without the rotation confound; queued next are hsv_h, close_mosaic, and a mosaic refinement.",Hue is the class-discriminative channel (orange peach vs green foliage) and 0.015 has been in every trial including the best; keep it fixed for clean attribution of the scale probe.,"Completed bracket (0.3→0.3750, 0.6→0.3782, 0.85→0.3731) shows an interior optimum at 0.6; keep locked.","Trial 10's probe to 0.7 was flat-to-negative (0.3775 vs 0.3782), so the brightness optimum sits near 0.5; keep the trial-7 value.","Monotonic bracket (45→0.368-0.372, 15→0.3732, 0→0.3782) shows rotation only costs here — flips already cover nadir symmetry and rotation's border-fill/blur corrupts tiny color fragments. Keep at 0.","Trial 11 showed 0.3 regressed slightly (0.3769 vs 0.3782), so 0.15 remains the best-supported value; unchanged.","The earlier scale bracket was confounded with degrees=45; under the degrees=0 base, scale-up zoom is the only geometric augmentation that enlarges the 52% COCO-small peaches without blur or border artifacts. Probe upward to 0.45 as this trial's single variable to test whether more zoom range helps on the clean base.",Shear produces off-distribution distortions of round objects never seen in nadir validation imagery; keep disabled as in all trials.,Nadir tiles have no perspective variation; warping would only distort tiny boxes. Keep at 0.,"Nadir imagery is flip-symmetric; 0.5 has been in every trial including the best and is a free, distortion-less augmentation. Keep.",Same symmetry argument as flipud; keep at 0.5 as in the best config.,Channel swapping is a categorical color change that destroys the orange-vs-green discriminative cue; keep disabled.,"Complete bracket (0.0→0.3662, 0.25→0.3720, 0.5→0.3708, 1.0→0.3679) located the interior optimum at 0.25; keep locked while probing scale.","Mixup's global alpha-blending washes out the faint color-fragment evidence for occluded peaches, and the related cutmix probe already regressed; keep at 0.","Trial 12's cutmix=0.25 probe regressed to 0.3765, so revert to 0 as in the best config.",Likely a no-op or crude paste with box-only labels; keep at 0 to preserve attribution.,Kept at 10 in every trial including the best; the mosaic-free final fine-tune matches the validation distribution and will be probed separately later.,0.015,0.6,0.5,0.0,0.15,0.45,0.0,0.0,0.5,0.5,0.0,0.25,0.0,0.0,0.0,10
14,"Trial 7 (0.3782) remains best; the scale re-test at 0.45 under degrees=0 (trial 13, 0.3777) was flat-to-slightly-negative, confirming scale=0.3 as adequate and closing the rotation-confound question. Completed brackets now cover mosaic, scale, degrees, hsv_s, hsv_v, translate, and cutmix — all pointing back to the trial-7 base. The remaining untested first-order axes are hsv_h, close_mosaic, and the mixing regularizers. Hue has sat at 0.015 in every trial, yet peach-orange and foliage-green are separated by roughly a quarter of the hue wheel, so a moderate hue jitter (0.05 ≈ 18°) adds illumination-tint robustness (shade blue-shift, golden-hour warmth) without risking class confusion. This trial runs a clean single-variable probe at hsv_h=0.05 on the trial-7 base; if it regresses, hue stays tight and remaining budget shifts to close_mosaic and fine refinement.","Only 0.015 has ever been tested; peach hue and foliage hue are far apart on the hue wheel (~0.2 fraction), so jitter of 0.05 cannot flip the discriminative relationship but does model realistic outdoor tint shifts (shadow blue-cast, warm sun). Clean single-variable probe upward.","Bracket complete: 0.3→0.3750, 0.6→0.3782, 0.85→0.3731 — interior optimum at 0.6. Keep.",0.7 was flat-to-negative (0.3775 vs 0.3782); optimum near 0.5. Keep.,Monotonic bracket 45→15→0 improved consistently (0.3679/0.3720 → 0.3732 → 0.3782); rotation border-fill and blur only cost here since flips cover the nadir symmetry. Keep at 0.,0.3 regressed slightly (0.3765); 0.15 already mimics tile-edge truncation adequately. Keep.,"Re-tested under degrees=0: 0.45 gave 0.3777 vs 0.3782 at 0.3, so scale=0.3 is at or near the optimum without the rotation confound. Keep.",Shear produces off-distribution warps of round objects in nadir imagery and distorts axis-aligned boxes; never tested and low prior. Keep at 0.,Nadir tiles have no perspective variation; warping adds unrealistic distortion to tiny objects. Keep at 0.,Nadir imagery is vertically flip-symmetric; full flip coverage has been in every strong trial. Keep at 0.5.,Horizontal flip is a true invariance of nadir imagery; keep at 0.5.,Channel swap would turn orange peaches into blue blobs — a categorical destruction of the color cue detection depends on. Keep at 0.,"Bracket complete with interior optimum at 0.25 (0→0.3662, 0.25→0.3720/0.3782, 0.5→0.3708, 1.0→0.3679). Keep at 0.25.","Blending images washes out the small color fragments that carry the class signal; cutmix at 0.25 already regressed slightly, lowering the prior on mixing-family gains. Keep at 0.",Tested at 0.25 in trial 12 and slightly regressed (0.3765 vs 0.3782). Keep at 0.,Likely a no-op or crude rectangular paste with box-only labels; not worth confounding this clean hue probe. Keep at 0.,The mosaic-free final phase fine-tunes on clean full-resolution tiles matching the validation distribution; with mosaic already low this is cheap insurance and has been in every strong trial. Keep at 10; a dedicated probe may come later.,0.05,0.6,0.5,0.0,0.15,0.3,0.0,0.0,0.5,0.5,0.0,0.25,0.0,0.0,0.0,10
15,"Trial 7 (0.3782) remains the best; probes on hsv_h (0.05 regressed to 0.3715), scale (0.45 flat), translate (0.3 slightly down), and cutmix (slightly down) all confirm the base. One remaining confound mirrors the scale re-test: the entire mosaic bracket (0.0/0.25/0.5/1.0) was run under degrees=45, where rotation border-fill compounds mosaic's downsizing cost — the mosaic optimum under the current degrees=0 base is unknown, and only mosaic=0.25 has been evaluated there. Since mosaic densifies sparse scenes (median 1 instance/tile) and mimics tile-edge truncation, its benefit may be larger without rotation corruption, so this trial runs a clean single-variable re-probe at mosaic=0.5 on the trial-7 base; if it regresses, mosaic=0.25 is confirmed and remaining budget shifts to close_mosaic, bgr, and fine refinement.","Trial 14 showed hsv_h=0.05 clearly regressed (0.3715 vs 0.3782), confirming the peach-vs-foliage hue cue must stay tightly preserved; keep the trial-7 value.","The completed saturation bracket (0.3→0.3750, 0.6→0.3782, 0.85→0.3731) shows an interior optimum at 0.6; keep unchanged.","hsv_v=0.7 was flat-to-slightly-negative versus 0.5, so the brightness optimum sits near 0.5; keep the trial-7 value.","The degrees bracket was monotonic (45→0.368/0.372, 15→0.3732, 0→0.3782) — flips already cover nadir symmetry while rotation border-fill and blur corrupt tiny color fragments; keep at 0.","translate=0.3 slightly regressed (0.3765), so the optimum is at or below 0.15; keep unchanged for clean attribution of the mosaic probe.","Trial 13 re-tested scale=0.45 under degrees=0 and found it flat-to-negative, confirming 0.3 as adequate; keep unchanged.",Shear produces off-distribution geometric distortion of round objects with no plausible nadir analogue; keep disabled.,Nadir imagery from fixed altitude has essentially no perspective variation; warping only distorts tiny axis-aligned boxes. Keep disabled.,Nadir imagery is vertically flip-symmetric; this has been in every trial including the best. Keep at 0.5.,Horizontal flips are a true invariance of nadir imagery and part of every trial; keep at 0.5.,Channel swap is a categorical color change that would destroy the peach-orange vs foliage-green discrimination — the core signal this task depends on. Keep disabled.,"The original mosaic bracket was entirely confounded with degrees=45, whose border-fill compounds mosaic's downsizing cost; under the current degrees=0 base only mosaic=0.25 has been tested. Mosaic densifies sparse single-peach scenes and mimics tile-edge truncation (21% of boxes), so its optimum may sit higher without rotation corruption — probe 0.5 as a clean single-variable test.",Blending images would wash out the faint color-fragment cues of occluded sub-32px peaches; cutmix's mild regression supports keeping mixing regularizers off.,Trial 12's cutmix=0.25 probe slightly regressed (0.3777 vs 0.3782); keep disabled.,"With only bounding-box labels, copy-paste has limited/no effect or pastes rectangular patches with harsh boundaries; keep disabled.","Keep at 10 so the final mosaic-free fine-tuning phase is preserved, holding this axis constant while the mosaic probability is the sole variable under test; close_mosaic will be probed separately later.",0.015,0.6,0.5,0.0,0.15,0.3,0.0,0.0,0.5,0.5,0.0,0.5,0.0,0.0,0.0,10
16,"Trial 7 (0.3782) remains the best; the mosaic re-probe at 0.5 under degrees=0 (trial 15, 0.3741) regressed clearly, confirming the downward slope from 0.5 to 0.25 persists without the rotation confound. However, the low end of the mosaic axis (below 0.25) has never been tested under the degrees=0 base — the old mosaic=0.0 point (0.3662) was measured under degrees=45, whose border-fill corruption we later identified as the dominant harm. Given the consistent evidence that object-shrinking augmentation costs recall on this 52%-COCO-small distribution, an interior optimum below 0.25 is plausible, so this trial runs a clean single-variable probe at mosaic=0.1 on the trial-7 base. All other knobs stay at the well-confirmed best configuration for unambiguous attribution, with close_mosaic and low-probability mixing regularizers queued for later probes.","Hue is the discriminative channel separating peach-orange from foliage-green; the hsv_h=0.05 probe (trial 14) regressed clearly to 0.3715, so hue jitter stays tight at the best-known value.","The saturation bracket (0.3→0.3750, 0.6→0.3782, 0.85→0.3731) shows an interior optimum at 0.6; keeping it unchanged.","hsv_v=0.7 (trial 10) was flat-to-slightly-negative versus 0.5, so brightness jitter stays at the trial-7 value of 0.5.","The rotation bracket was monotonic (45→0.368/0.372, 15→0.373, 0→0.378): flips already cover nadir symmetry and rotation's border-fill/blur only corrupts tiny color fragments. Keeping 0.","translate=0.3 (trial 11) slightly regressed, so 0.15 stays as the confirmed value; it provides sufficient edge-truncation mimicry matching the 21% edge-clipped boxes.",The scale re-test at 0.45 under degrees=0 was flat-to-slightly-negative and 0.15 hurt badly under the old base; 0.3 remains the plateau center and stays fixed for clean mosaic attribution.,Shear produces off-distribution geometric distortion of small round objects with no counterpart in nadir imagery; kept at 0 as in all trials.,Nadir tiles have no perspective variation to model; warping would only distort tiny boxes. Kept at 0.,Vertical flips are exactly in-distribution for nadir imagery and have been in every trial including the best; kept at 0.5.,Horizontal flips are likewise in-distribution and costless; kept at 0.5.,"Channel swapping is a categorical color change that maps peach-orange to blue, destroying the primary discriminative cue; kept at 0.","This is the probe: under degrees=0 the measured slope is negative from 0.5 (0.3741) to 0.25 (0.3782), and the sub-0.25 region has never been tested without the degrees=45 confound. Testing 0.1 checks whether even less source-downsizing further helps this small-object-heavy distribution while retaining some densification of sparse scenes.","Mixup blends foliage over tiny peach fragments, diluting the color cue; cutmix at 0.25 already trended slightly negative, so mixup stays at 0 for now.","cutmix=0.25 (trial 12) scored 0.3777, marginally below the base; kept at 0 to preserve single-variable attribution for the mosaic probe.",With bounding-box-only labels copy-paste is likely a no-op or pastes rectangular background patches; kept at 0 to avoid a wasted lever.,Mosaic-free fine-tuning in the final epochs matches the unfragmented validation distribution and has been in every trial including the best; kept at 10.,0.015,0.6,0.5,0.0,0.15,0.3,0.0,0.0,0.5,0.5,0.0,0.1,0.0,0.0,0.0,10
17,"Trial 7 (0.3782) remains the best after the mosaic axis was fully re-bracketed under degrees=0 (0.1→0.3751, 0.25→0.3782, 0.5→0.3741), confirming an interior optimum at 0.25. All major photometric and geometric axes (hsv_h, hsv_s, hsv_v, degrees, translate, scale, cutmix, mosaic) are now bracketed and point back to the trial-7 base. The single remaining untested first-order lever is close_mosaic, which has sat at 10 in every trial: with mosaic at only 0.25 probability, the value of a dedicated mosaic-free fine-tuning phase is unknown, and disabling it (close_mosaic=0) lets the model see mosaic-densified scenes all the way to convergence. This trial runs a clean single-variable probe at close_mosaic=0 on the trial-7 base to bracket this axis endpoint-to-endpoint before spending remaining budget on fine refinement and low-probability regularizer probes.","Hue is the discriminative channel separating peach-orange from foliage-green; trial 14 showed hsv_h=0.05 regressed clearly (0.3715), so I keep the tight default from the best base.","The saturation bracket (0.3→0.3750, 0.6→0.3782, 0.85→0.3731) shows an interior optimum at 0.6; unchanged from the best base.","Trial 10's probe at 0.7 was flat-to-slightly-negative, indicating the brightness optimum is near 0.5; unchanged from the best base.","The rotation bracket (45→0.368-0.372, 15→0.3732, 0→0.3782) was monotonic: flips already cover nadir symmetry and rotation's border-fill/blur corrupts tiny color fragments. Keep at 0.",Trial 11 showed translate=0.3 slightly regressed versus 0.15; keeping the confirmed base value that already mimics tile-edge truncation modestly.,"Scale was bracketed both under degrees=45 (0.15 clearly worse, 0.3≈0.5) and re-tested at 0.45 under degrees=0 (flat-to-negative); 0.3 stands as the confirmed value.",Shear produces off-distribution distortions of axis-aligned boxes on small round objects with no plausible real-world analogue in nadir imagery; keep disabled.,"Nadir tiles have no perspective variation to model, and warping corrupts tiny boxes; keep disabled.","Nadir imagery is fully flip-symmetric; vertical flip is a free, distribution-preserving augmentation kept at 0.5 in every trial including the best.",Same symmetry argument as flipud; kept at 0.5 from the best base.,"Channel swapping maps peach-orange to blue, destroying the primary discriminative color cue categorically; keep disabled.","The mosaic axis is now fully bracketed under degrees=0 (0.1→0.3751, 0.25→0.3782, 0.5→0.3741), confirming 0.25 as the interior optimum balancing scene densification against small-object shrinkage.","Mixup blends images, muddying the small color-fragment cues detection depends on; the similar cutmix probe already regressed slightly, so mixup stays disabled.","Trial 12's cutmix=0.25 probe scored 0.3777, marginally below the best; keeping it off preserves the clean single-variable attribution of this trial's close_mosaic probe.","With bounding-box-only labels, copy_paste is likely a no-op or crude box-level paste in Ultralytics; not worth confounding this probe.","This is the only untested first-order axis — it has been 10 in every trial. With mosaic at only 0.25, the mosaic-free fine-tuning phase may be unnecessary or even wasteful (it removes 10% of the already-modest mosaic exposure); probing the endpoint close_mosaic=0 brackets this axis cleanly against the known close_mosaic=10 result on an otherwise identical configuration.",0.015,0.6,0.5,0.0,0.15,0.3,0.0,0.0,0.5,0.5,0.0,0.25,0.0,0.0,0.0,0
18,"Trial 17 completed the close_mosaic bracket (0→0.3772 vs 10→0.3782), confirming the mosaic-free fine-tuning phase helps and returning attention to the trial-7 base, which has survived brackets on mosaic, scale, degrees, hsv_s, hsv_v (upward), translate (upward), hsv_h (upward), and cutmix. The one first-order axis still only half-bracketed is translate downward: 0.15 has been in every trial, 0.3 regressed slightly, but values below 0.15 are untested. Since translation introduces border-fill regions (the same corruption mechanism that made rotation costly) while mosaic at 0.25 already supplies edge-truncation mimicry, a lighter translate may reduce corruption with little invariance loss. This trial runs a clean single-variable probe at translate=0.05 on the trial-7 base, completing the translate bracket before the remaining budget shifts to fine refinement and best-config exploitation.","Hue bracket is done: 0.05 regressed clearly (0.3715 vs 0.3782), confirming the peach-vs-foliage hue cue must stay tightly preserved. Keep the confirmed best value.","Saturation bracket (0.3→0.3750, 0.6→0.3782, 0.85→0.3731) shows an interior optimum at 0.6. Unchanged from the best base.",Brightness at 0.5 beat 0.7 marginally (0.3782 vs 0.3775) and the axis appears flat near the optimum; hold at 0.5 to keep this a single-variable translate probe.,"Rotation bracket was monotonic downward (45→~0.37, 15→0.3732, 0→0.3782): flips already cover nadir symmetry and rotation's border-fill/blur corrupts tiny fragments. Keep at 0.","The only untested half of this axis: 0.15→0.3782 and 0.3→0.3765 suggest less translation may be better, and translation's border-fill is the same corruption mechanism that made rotation harmful while mosaic=0.25 already provides truncation mimicry. Probe downward to 0.05 to complete the bracket.","Scale was bracketed twice (0.15 hurt clearly; 0.3 vs 0.45/0.5 flat-to-better under both bases), so 0.3 is the confirmed optimum. Unchanged.",Shear produces off-distribution geometric distortion of round fruit and skews axis-aligned boxes with no plausible test-time analogue in nadir imagery. Keep disabled.,Nadir orthomosaic tiles have essentially no perspective variation; warping would only distort tiny boxes. Keep disabled.,Nadir imagery is fully flip-symmetric and flips are lossless (no interpolation or border fill); 0.5 has been in every strong trial. Unchanged.,Same reasoning as flipud: cost-free true invariance for nadir scenes. Keep at 0.5.,"Channel swap is a categorical color change that would map peach-orange toward blue, destroying the sole discriminative cue — the clear hue-jitter regression (trial 14) supports keeping this off.","Mosaic was re-bracketed under degrees=0 (0.1→0.3751, 0.25→0.3782, 0.5→0.3741), confirming an interior optimum at 0.25. Unchanged.","Blending images washes out the low-contrast color fragments that detection depends on; the related cutmix probe was flat-to-negative, so mixup stays off.","Direct probe at 0.25 (trial 12) gave 0.3777, slightly below the base; no evidence of benefit, keep at 0.",With only bounding-box labels copy_paste has limited or no effect and risks pasting rectangular foliage patches with mislabeled extents; keep disabled rather than spending signal on a likely no-op.,"Endpoint bracket complete: close_mosaic=0 (0.3772) lost to 10 (0.3782), so the mosaic-free fine-tuning tail helps. Keep at 10.",0.015,0.6,0.5,0.0,0.05,0.3,0.0,0.0,0.5,0.5,0.0,0.25,0.0,0.0,0.0,10
19,"Trial 7 (0.3782) has survived complete brackets on mosaic, scale, degrees, hsv_s, hsv_v, hsv_h, translate (both directions after trial 18's clear regression at 0.05), cutmix, and close_mosaic — every axis points back to the same interior optimum. The only first-order regularizer never tested is mixup; copy_paste is likely a no-op with box-only labels, and bgr/shear/perspective are off-distribution for this color-cue-dependent nadir task. With 10 trials remaining, I run one clean single-variable probe at a low mixup probability (0.15) on the trial-7 base: mixup adds soft-label regularization that a small dataset and nano model may benefit from, and a low probability limits the risk of blending away the small peach color fragments. If it regresses, remaining budget shifts fully to fine exploitation around trial 7.",Hue bracket showed 0.05 regressed clearly (0.3715 vs 0.3782); the peach-orange vs foliage-green hue signal is the discriminative channel and must stay tightly preserved.,"Saturation bracket (0.3→0.3750, 0.6→0.3782, 0.85→0.3731) confirmed an interior optimum at 0.6; keeping it.","Brightness probe at 0.7 was flat-to-negative, so 0.5 remains the confirmed value for outdoor illumination robustness.","The degrees bracket was monotonic (45→0.368-0.372, 15→0.3732, 0→0.3782): rotation border-fill and blur only cost on this data since flips already cover the nadir symmetry. Keep at 0.","Translate is now fully bracketed: 0.05→0.3677, 0.15→0.3782, 0.3→0.3765 — a clear interior optimum at 0.15.","Scale was re-tested under degrees=0 (0.45→0.3777, flat) after the original bracket; 0.3 balances scale-up enlargement of small peaches against shrink cost. Keeping it.",Shear produces off-distribution distortions of a nadir scene and warps boxes of small round objects; never enabled and no evidence suggests trying it now.,Perspective warp is off-distribution for nadir tiles and adds interpolation corruption to tiny objects; keep disabled.,Vertical flip is a true invariance of nadir imagery and corruption-free; keep at 0.5.,Horizontal flip is likewise a true corruption-free invariance; keep at 0.5.,Channel swap destroys the peach-orange vs foliage-green color cue that detection depends on; keep disabled.,"Mosaic was fully re-bracketed under degrees=0 (0.1→0.3751, 0.25→0.3782, 0.5→0.3741) with a confirmed interior optimum at 0.25.","This is the single variable under test — the only untried regularizer with plausible benefit. A low 0.15 probability gives soft-label regularization for a small dataset and nano model while blending only ~1 in 7 images, limiting corruption of tiny color-fragment cues.",Cutmix at 0.25 slightly regressed (0.3777 vs 0.3782); keep disabled to isolate the mixup probe.,Likely a no-op with box-only labels and untested benefit; keep at 0 for clean attribution.,"The endpoint bracket showed close_mosaic=0 regressed (0.3772 vs 0.3782); the mosaic-free fine-tuning phase helps, so keep 10.",0.015,0.6,0.5,0.0,0.15,0.3,0.0,0.0,0.5,0.5,0.0,0.25,0.15,0.0,0.0,10
20,"Trial 19's mixup=0.15 probe produced the best score so far (0.3822 vs the long-standing trial-7 base of 0.3782), suggesting soft-label mixing provides useful regularization for this small dataset and nano model without destroying the small peach color cues at low probability. This axis is only half-bracketed: values above 0.15 are untested, and the improvement (+0.004) is large enough relative to other observed effects to be worth pursuing. With 9 trials remaining after this one, I run a clean single-variable probe at mixup=0.3 on the trial-19 base to locate the mixup optimum before shifting to pure exploitation; if it regresses, mixup=0.15 is confirmed and refinement continues around trial 19.","Hue bracket is complete: 0.05 regressed clearly (0.3715), so the tight default that preserves the peach-vs-foliage hue signal stays.",Saturation bracket (0.3/0.6/0.85) showed an interior optimum at 0.6; unchanged from the best configuration.,"Brightness probe at 0.7 was flat-to-negative, confirming 0.5 as the optimum; kept unchanged.",The degrees bracket (45/15/0) was monotonic in favor of 0 — flips already cover nadir symmetry and rotation border-fill corrupts small color fragments; kept at 0.,"Both directions bracketed: 0.3 slightly regressed and 0.05 regressed clearly (0.3677), so 0.15 is a confirmed interior optimum.",Scale re-tested under degrees=0 (0.45 flat-to-negative) and earlier bracketed at 0.15/0.3/0.5; 0.3 remains the best-supported value.,Shear produces off-distribution geometric distortion of round objects with no nadir-imagery justification; kept off throughout the successful trajectory.,"Nadir imagery has no perspective variation to model, and warps distort axis-aligned boxes of tiny objects; kept off.",Nadir scenes are fully flip-symmetric; vertical flips are cost-free true invariances and have been in every trial including the best.,Same symmetry argument as flipud; kept at 0.5 as in all trials.,Channel-swapping is a categorical color corruption that would destroy the orange-vs-green discriminative cue; kept off.,"Mosaic was fully re-bracketed under degrees=0 (0.1→0.3751, 0.25→0.3782, 0.5→0.3741), confirming an interior optimum at 0.25; unchanged.","mixup=0.15 gave the best score to date (+0.004 over the identical base without it), and the upper side of this axis is untested; I probe 0.3 to complete the bracket — low enough that most batches still show unblended peach fragments, but doubled to reveal the slope.",The cutmix=0.25 probe regressed slightly (0.3777 vs 0.3782); kept off to avoid stacking mixing-family corruption on top of the increased mixup.,"Likely a no-op or weak with box-only labels, and untested; not worth confounding this clean mixup probe.",The endpoint bracket (0→0.3772 vs 10→0.3782) showed the mosaic-free fine-tuning phase helps; kept at 10.,0.015,0.6,0.5,0.0,0.15,0.3,0.0,0.0,0.5,0.5,0.0,0.25,0.3,0.0,0.0,10
21,"The mixup axis is the strongest live signal: 0.0→0.3782, 0.15→0.3822, 0.3→0.3858 — a monotonic upward trend where each step (+0.004) exceeds most other observed effects, suggesting soft-label blending regularizes this small-dataset/nano-model combination effectively. The axis remains unbounded on the upper side, so with 8 trials remaining after this one I continue the clean single-variable bracket at mixup=0.45 on the otherwise-unchanged trial-20 best base. If it improves, I push further; if it regresses, mixup=0.3 is confirmed as an interior optimum and remaining budget shifts to fine exploitation and small interaction probes around the best configuration.","Hue is the discriminative peach-vs-foliage channel; the upward probe at 0.05 regressed clearly (trial 14), so keep the tight default.","Fully bracketed (0.3→0.3750, 0.6→0.3782, 0.85→0.3731) with interior optimum at 0.6; keep unchanged.","Probe at 0.7 was flat-to-negative (trial 10), confirming 0.5 as adequate for outdoor illumination variation; keep unchanged.","Rotation bracket was monotonic downward (45→15→0 improved each step); flips already cover nadir symmetry without border-fill corruption, so keep at 0.","Bracketed both directions (0.05 regressed sharply, 0.3 regressed slightly); 0.15 is the confirmed interior optimum.",Bracketed at 0.15/0.3/0.45/0.5 including a rotation-deconfounded re-test; 0.3 remains best for this 52%-COCO-small distribution.,Shear produces off-distribution warps of small round objects in nadir imagery with no plausible test-time analogue; keep disabled.,Nadir tiles have no perspective variation; warping would only distort tiny axis-aligned boxes. Keep disabled.,"Nadir imagery is vertically symmetric; free invariance with zero corruption, kept in every trial.",Horizontal flip is likewise a true invariance of the nadir view; keep at 0.5.,Channel swapping is a categorical color change that destroys the peach-orange vs foliage-green cue the detector depends on; keep off.,"Re-bracketed under degrees=0 (0.1→0.3751, 0.25→0.3782, 0.5→0.3741); 0.25 is the confirmed interior optimum balancing densification against source downsizing.","Monotonic improvement 0.0→0.15→0.3 (0.3782→0.3822→0.3858) with the upper side untested; continue the bracket at 0.45 to locate the optimum, accepting some risk that heavier blending starts eroding small peach fragments.",The cutmix=0.25 probe (trial 12) slightly regressed; keep off to preserve clean attribution on the mixup axis.,"Likely a no-op or degenerate with box-only labels; not worth spending signal on, keep off.","Bracketed endpoint-to-endpoint (0→0.3772 vs 10→0.3782); the mosaic-free fine-tuning phase helps, keep at 10.",0.015,0.6,0.5,0.0,0.15,0.3,0.0,0.0,0.5,0.5,0.0,0.25,0.45,0.0,0.0,10
22,"The mixup bracket remains the strongest live signal and is still monotonic: 0.0→0.3782, 0.15→0.3822, 0.3→0.3858, 0.45→0.3892, with each +0.15 step yielding roughly +0.004 — larger than any other single-knob effect observed. The axis is still unbounded above, so the highest-expected-value move is to continue the clean single-variable probe at mixup=0.6 on the otherwise-unchanged trial-21 base. If the trend continues I push further next trial; if it regresses, mixup=0.45 is confirmed as the optimum and the final trials shift to exploitation and small interaction probes (e.g., cutmix re-test under high mixup).","Tight hue jitter preserves the peach-orange vs foliage-green discriminative channel; hsv_h=0.05 regressed clearly in trial 14, so keep the confirmed value.","Fully bracketed (0.3→0.3750, 0.6→0.3782, 0.85→0.3731) with an interior optimum at 0.6; keep unchanged.",Brightness bracket showed 0.7 flat-to-slightly-negative versus 0.5; keep the confirmed 0.5.,Rotation bracket was monotonic downward (45→15→0 improved each step); flips already cover nadir symmetry and rotation border-fill corrupts tiny color fragments. Keep 0.,"Bracketed both directions: 0.05 regressed sharply and 0.3 slightly regressed, confirming 0.15 as the interior optimum. Keep unchanged.","Scale was bracketed under both degrees=45 and degrees=0; 0.3 remains best (0.15 hurt, 0.45/0.5 flat-to-negative). Keep unchanged.",Shear produces off-distribution warps of axis-aligned boxes on round objects in nadir imagery; never enabled and no evidence suggests it would help. Keep 0.,Perspective warp is off-distribution for flat nadir tiles and adds interpolation blur to tiny objects. Keep 0.,"Nadir imagery is flip-symmetric; vertical flip is a lossless, in-distribution augmentation present in every trial. Keep 0.5.",Same symmetry argument as flipud; keep the standard 0.5.,Channel swap destroys the orange-vs-green color cue that detection depends on; keep disabled.,"Fully re-bracketed under degrees=0 (0.1→0.3751, 0.25→0.3782, 0.5→0.3741) with confirmed interior optimum at 0.25. Keep unchanged.",The monotonic upward trend (0→0.15→0.3→0.45 giving 0.3782→0.3822→0.3858→0.3892) is the strongest signal in the history and the upper side is still unbounded; continue the bracket at 0.6 to locate the optimum.,cutmix=0.25 slightly regressed on the mixup=0 base (trial 12); keeping it off preserves clean attribution for the mixup probe. May re-test as an interaction later.,Likely a no-op or unreliable with box-only labels; keep disabled.,"Bracketed endpoint-to-endpoint: close_mosaic=0 regressed to 0.3772, confirming the mosaic-free fine-tuning phase helps. Keep 10.",0.015,0.6,0.5,0.0,0.15,0.3,0.0,0.0,0.5,0.5,0.0,0.25,0.6,0.0,0.0,10
23,"The mixup bracket remains the dominant and still-monotonic signal: 0.0→0.3782, 0.15→0.3822, 0.3→0.3858, 0.45→0.3892, 0.6→0.3914 — five consecutive improvements of roughly +0.003-0.004 per +0.15 step, far exceeding evaluation noise and any other single-knob effect. The axis is still unbounded above, so with 6 trials remaining the highest-expected-value move is to continue the clean single-variable probe at mixup=0.75 on the otherwise-unchanged trial-22 best base. If the trend continues, one more upward step (0.9 or 1.0) remains affordable; if it regresses, mixup=0.6 is confirmed and final trials shift to exploitation and a small interaction probe (e.g., cutmix or hsv under high mixup).","Hue is the discriminative channel separating peach-orange from foliage-green; the upward probe at 0.05 regressed clearly, so tight hue jitter stays at the confirmed value.","Saturation is fully bracketed (0.3 and 0.85 both regressed relative to 0.6), confirming 0.6 as the interior optimum; unchanged.","Brightness at 0.7 was flat-to-slightly-negative versus 0.5, so I keep the confirmed 0.5.","The rotation bracket was monotonic downward (45→15→0 improving), showing border-fill/blur costs exceed invariance gains since flips already cover symmetry; keep at 0.","Both directions bracketed: 0.3 slightly regressed and 0.05 regressed clearly, confirming 0.15 as the interior optimum; unchanged.","Scale was bracketed under both degrees=45 and degrees=0 (0.15 clearly worse, 0.45 flat-negative), confirming 0.3; unchanged.",Shear produces off-distribution warps of small round objects with no plausible test-time analogue in nadir imagery; keep disabled.,Nadir imagery has no perspective variation and warps corrupt tiny axis-aligned boxes; keep disabled.,"Nadir scenes are vertically symmetric; free invariance, kept at 0.5 in every trial including the best.",Horizontal flip is a true invariance of nadir imagery; keep at 0.5 as in the best config.,Channel swapping is a categorical color change that destroys the peach-orange cue the model depends on; keep at 0.,"Mosaic was re-bracketed under degrees=0 (0.1→0.3751, 0.25→0.3782, 0.5→0.3741), confirming an interior optimum at 0.25; unchanged.","The only live axis: five monotonic improvements from 0.0 to 0.6, each step exceeding noise. I continue the single-variable bracket upward to 0.75 to locate the optimum; soft-label blending is evidently strong regularization for this small dataset and nano model.","Cutmix=0.25 slightly regressed under mixup=0; a re-test under high mixup is a possible later probe, but this trial keeps clean attribution on the mixup axis, so it stays at 0.",Likely a no-op with box-only labels and untested benefit; keep at 0 to preserve attribution.,"The endpoint bracket showed close_mosaic=10 beats 0 (0.3782 vs 0.3772); the mosaic-free fine-tuning phase helps, so keep at 10.",0.015,0.6,0.5,0.0,0.15,0.3,0.0,0.0,0.5,0.5,0.0,0.25,0.75,0.0,0.0,10
24,"The mixup bracket has now peaked: 0.6→0.3914 vs 0.75→0.3907, a small regression suggesting the optimum sits near 0.6, so I lock mixup=0.6 (the trial-22 best). With 5 trials remaining after this one, the highest-expected-value untested question is whether cutmix stacks with high mixup: cutmix was only tried once (0.25 at mixup=0, essentially flat), and its occlusion-mimicking, non-shrinking pasting mechanism is complementary to mixup's soft-label blending — the strong benefit of mixup suggests this nano model on this small dataset is under-regularized, so a second mild mixing regularizer may add further gain. I run a clean single-variable probe of cutmix=0.15 on the trial-22 base; if it regresses, the final trials exploit around trial 22 (e.g., mixup 0.65 refinement).",Hue jitter at 0.05 regressed clearly (trial 14); the tight default preserves the peach-orange vs foliage-green discriminative channel. Keep at the confirmed best value.,"Fully bracketed (0.3→0.3750, 0.6→0.3782, 0.85→0.3731) with an interior optimum at 0.6; unchanged.","0.7 was flat-to-slightly-negative versus 0.5 (trial 10), confirming 0.5 as adequate; keep unchanged.",Monotonic bracket (45→15→0 improving) showed rotation border-fill and blur only cost on this data since flips cover the nadir symmetry; keep at 0.,"Bracketed in both directions (0.05 regressed sharply, 0.3 slightly down); 0.15 is the confirmed interior optimum.","Scale bracketed twice (0.15 bad, 0.3 best, 0.45/0.5 flat-to-worse under degrees=0); keep at 0.3.",Shear produces off-distribution geometric distortion for nadir round objects and has never been justified; keep off.,Perspective warp is off-distribution for flat nadir tiles and distorts tiny boxes; keep off.,Nadir imagery is vertically flip-symmetric; 0.5 has been in every trial including all improvements. Keep.,Horizontal flip is a true invariance of nadir imagery; keep at 0.5.,Channel swap is a categorical color corruption that would destroy the peach-vs-foliage color cue this task depends on; keep off.,"Bracketed twice (under degrees=45 and degrees=0), both showing an interior optimum at 0.25; keep unchanged.","The bracket peaked: 0.6→0.3914 vs 0.75→0.3907, so the optimum sits near 0.6. Lock at the trial-22 best value.","The single tested change this trial: cutmix=0.25 at mixup=0 was flat (within noise), but under the strongly beneficial high-mixup regime the model has proven to want more mixing regularization, and cutmix pastes intact regions that mimic pervasive foliage occlusion without shrinking objects. A low 0.15 probability tests stacking with limited corruption risk.",Likely a no-op or degenerate with box-only labels (pastes rectangular patches with background); keep off.,close_mosaic=0 regressed clearly (trial 17: 0.3772 vs 0.3782); the mosaic-free fine-tuning phase helps. Keep at 10.,0.015,0.6,0.5,0.0,0.15,0.3,0.0,0.0,0.5,0.5,0.0,0.25,0.6,0.15,0.0,10
25,"Trial 24 answered the cutmix-stacking question negatively (0.3892 vs trial 22's 0.3914), so trial 22 (mixup=0.6, mosaic=0.25) remains the confirmed best and cutmix returns to 0. The mixup bracket is peaked near 0.6 (0.45→0.3892, 0.6→0.3914, 0.75→0.3907), with differences at the peak small enough that fine refinement offers little expected gain. The highest-value remaining question is an interaction: the mosaic bracket was measured entirely at mixup=0, but mixup itself now densifies scenes (blending two images doubles instance density softly) and supplies strong regularization, potentially making mosaic's densification redundant while its source-downsizing cost on this 52%-COCO-small distribution remains. This trial probes mosaic=0.1 on the otherwise-unchanged trial-22 best base; if it regresses, the final trials exploit trial 22 directly with at most a tiny mixup refinement.","Hue is the discriminative peach-vs-foliage channel; the upward probe at 0.05 regressed clearly (0.3715), so hue jitter stays tight at the confirmed base value.","Saturation is fully bracketed (0.3→0.3750, 0.6→0.3782, 0.85→0.3731) with an interior optimum at 0.6; keep unchanged.",Brightness at 0.5 beat the 0.7 probe; the optimum sits near 0.5 and this axis is closed. Keep unchanged.,"The degrees bracket was monotonic downward (45→0.368-0.372, 15→0.3732, 0→0.3782): rotation's border-fill and blur only cost on this data since flips cover nadir symmetry. Keep at 0.","Translate is bracketed on both sides (0.05→0.3677, 0.15→0.3782, 0.3→0.3765), confirming 0.15 as the interior optimum. Keep unchanged.",Scale=0.3 survived re-testing under degrees=0 (0.45 was flat-to-negative) and downward at 0.15 regressed clearly; keep the confirmed value.,"Shear produces off-distribution warps of axis-aligned boxes on round objects with no plausible test-time analogue in nadir imagery; never enabled, keep at 0.","Nadir imagery has no perspective variation to model, and warps would distort tiny box geometry; keep disabled.","Nadir imagery is flip-symmetric; vertical flips are free, exactly-in-distribution augmentation and have been in every trial including the best. Keep at 0.5.",Same symmetry argument as flipud; horizontal flips are cost-free and in-distribution. Keep at 0.5.,"Channel swapping is a categorical color change that would map peach-orange to off-distribution blue, destroying the primary discriminative cue. Keep at 0.","The mosaic bracket (0.1→0.3751, 0.25→0.3782, 0.5→0.3741) was measured at mixup=0; with mixup=0.6 now softly densifying every blended pair and providing strong regularization, mosaic's densification benefit may be redundant while its source-downsizing still shrinks already-small peaches. I probe 0.1 under the high-mixup regime to test this interaction cleanly.",The strongest signal in the entire search: monotonic gains from 0 to 0.6 (0.3782→0.3914) with a peak at 0.6 (0.75 regressed slightly). Lock at the confirmed optimum.,"Trial 24 showed cutmix=0.15 does not stack with high mixup (0.3892 vs 0.3914), and the earlier cutmix=0.25 probe at mixup=0 was also flat-to-negative. Return to 0.",Likely a no-op or degraded with box-only labels (pastes rectangular background along with the fruit); never tested because expected value is low. Keep at 0.,The endpoint bracket (0→0.3772 vs 10→0.3782) favors the full mosaic-free fine-tuning phase; keep at 10.,0.015,0.6,0.5,0.0,0.15,0.3,0.0,0.0,0.5,0.5,0.0,0.1,0.6,0.0,0.0,10
26,"Trial 22 (mixup=0.6 on the long-refined base) remains best at 0.3914. Trial 25 showed reducing mosaic to 0.1 under high mixup regressed more sharply (-0.005) than the same move did at mixup=0 (-0.003), suggesting the mosaic optimum may have shifted UPWARD under heavy mixup — mixup's soft blending plus mosaic's densification appear complementary rather than redundant, and the old mosaic=0.5 penalty was measured at mixup=0. With only 3 trials left after this one, I spend this trial on the one remaining high-value interaction: a clean single-variable probe at mosaic=0.4 on the otherwise-unchanged trial-22 best configuration. If it regresses, the final trials exploit trial 22 directly with at most tiny mixup refinements.","Hue is the class-discriminative channel (peach-orange vs foliage-green); the upward probe at 0.05 regressed clearly (trial 14), so hue jitter stays tight at the confirmed value.","Fully bracketed with an interior optimum: 0.3→0.3750, 0.6→0.3782, 0.85→0.3731; keep the confirmed 0.6.","The upward probe at 0.7 was flat-to-slightly-negative (trial 10), confirming the brightness optimum near 0.5; unchanged.","The degrees bracket was monotonic downward (45→15→0 improving), showing rotation's border-fill and interpolation blur only corrupt the tiny color-fragment cues while flips already cover the nadir symmetry; keep 0.","Bracketed in both directions: 0.05 regressed sharply (trial 18) and 0.3 slightly regressed (trial 11), confirming 0.15 as the interior optimum; unchanged.",Bracketed at 0.15/0.3/0.45/0.5 with 0.3 best or tied-best both with and without rotation confound; keep the confirmed 0.3.,Shear produces off-distribution warps of nadir imagery and distorts axis-aligned boxes of small round fruit with no plausible test-time analog; keep disabled.,"Nadir imagery has no perspective variation to model, and warping would blur tiny color fragments; keep disabled.","Nadir imagery is statistically symmetric under vertical flip; this is a free, distortion-less augmentation present in every trial including all bests. Unchanged.",Same symmetry argument as flipud; horizontal flips are lossless and in-distribution. Unchanged.,Channel swap is a categorical color change that would destroy the peach-orange vs foliage-green discriminative cue; keep disabled.,"This is the trial's single probe: at mixup=0.6 the downward mosaic step (0.1, trial 25) cost -0.005, steeper than the -0.003 seen at mixup=0, suggesting mosaic's densification is MORE valuable under heavy mixup and the optimum may have shifted above 0.25. The old mosaic=0.5 penalty was measured at mixup=0, so I test mosaic=0.4 under the high-mixup regime to complete the interaction bracket upward.","The dominant discovery of this search: a monotonic bracket 0→0.15→0.3→0.45→0.6 improving, peaking at 0.6 (0.75 regressed slightly). Keep the confirmed peak value.","Cutmix=0.15 stacked on mixup=0.6 regressed (trial 24, 0.3892 vs 0.3914), and cutmix=0.25 at mixup=0 was flat; keep at 0.",Likely a no-op with box-only labels and untested value on the best base; not worth spending one of the final probes on. Keep 0.,"Bracketed endpoint-to-endpoint: close_mosaic=0 regressed (0.3772 vs 0.3782), confirming the mosaic-free fine-tuning phase helps; keep 10.",0.015,0.6,0.5,0.0,0.15,0.3,0.0,0.0,0.5,0.5,0.0,0.4,0.6,0.0,0.0,10
27,"Trial 22 (mixup=0.6, mosaic=0.25 on the long-refined base) remains best at 0.3914, and trial 26 completed the mosaic-under-mixup bracket (0.1→0.3858, 0.25→0.3914, 0.4→0.3858), confirming mosaic=0.25 as a sharp interior optimum even under heavy mixup. With only 2 trials remaining after this one, exploration is no longer rational; the highest-expected-value move is fine exploitation of the one axis whose peak is only loosely located: mixup (0.45→0.3892, 0.6→0.3914, 0.75→0.3907 implies a peak between 0.6 and 0.75, likely slightly above 0.6). This trial probes mixup=0.65 on the otherwise-unchanged trial-22 configuration — a minimal-risk perturbation whose expected score is at or above the current best, keeping the final trial free for either another micro-refinement or the safest known neighborhood.","Hue is the class-discriminative channel (peach-orange vs foliage-green); the upward probe to 0.05 regressed clearly (0.3715), so hue jitter stays tight at the confirmed value.","The saturation bracket (0.3→0.3750, 0.6→0.3782, 0.85→0.3731) identified an interior optimum at 0.6; keeping the confirmed value.",Brightness at 0.5 outperformed 0.7 (0.3782 vs 0.3775); keeping the confirmed value from every top-scoring trial.,"The rotation bracket was monotonic downward (45→0.3679, 15→0.3732, 0→0.3782): flips already cover nadir symmetry and rotation border-fill/blur corrupts small color fragments, so rotation stays off.","Both directions are bracketed: 0.05 regressed sharply (0.3677) and 0.3 regressed slightly (0.3765), confirming 0.15 as the interior optimum.","Scale was bracketed twice (0.15/0.3/0.45/0.5), including a re-test without the rotation confound; 0.3 remains the best point and is kept.",Shear produces off-distribution geometric distortion of small round objects in nadir imagery with no plausible test-time analogue; kept at 0 as in every trial.,Perspective warp is off-distribution for fixed-altitude nadir tiles and distorts axis-aligned boxes of tiny objects; kept at 0.,Nadir imagery is vertically symmetric; flipud=0.5 has been in every trial including all top scores and is a free invariance.,Horizontal flip is a true invariance of nadir imagery; kept at the standard 0.5 used in all trials.,Channel swapping is a categorical color corruption that would destroy the peach-orange hue cue the detector depends on; kept off.,"The mosaic axis is now fully bracketed under high mixup (0.1→0.3858, 0.25→0.3914, 0.4→0.3858), a sharp interior optimum at 0.25; kept at the confirmed value.","The mixup bracket peaks between 0.6 (0.3914) and 0.75 (0.3907), with 0.45 lower (0.3892) — the peak plausibly sits slightly above 0.6. This micro-probe at 0.65 refines the strongest lever with minimal downside risk since both neighbors score at or near the best.",Cutmix=0.15 stacked with high mixup regressed (0.3892 vs 0.3914) and cutmix=0.25 at mixup=0 was flat; it stays off.,Likely a no-op or noise source with box-only labels; never tested positive and kept off to preserve the best-known policy.,The endpoint bracket showed close_mosaic=10 beats 0 (0.3782 vs 0.3772); the mosaic-free fine-tuning phase helps and is kept at 10 as in all top trials.,0.015,0.6,0.5,0.0,0.15,0.3,0.0,0.0,0.5,0.5,0.0,0.25,0.65,0.0,0.0,10
28,"Trial 22 (mixup=0.6, mosaic=0.25, degrees=0, scale=0.3, translate=0.15, hsv 0.015/0.6/0.5, full flips, close_mosaic=10) remains the confirmed best at 0.3914. Trial 27 showed mixup=0.65 regresses (-0.002), so the mixup peak lies at or slightly below 0.6 — the interval 0.45-0.6 shows the steepest local gradient (0.3892→0.3914) and 0.55 has never been evaluated. With only one trial remaining after this, exploration is irrational; I make the single smallest-risk perturbation with a realistic chance of beating the best: mixup=0.55 on the otherwise-unchanged trial-22 configuration, whose expected score sits between 0.389 and 0.392 and could exceed 0.3914 if the true peak is just below 0.6.","Hue is the class-discriminative channel separating peach-orange from foliage-green; the upward probe to 0.05 clearly regressed (0.3715), so hue jitter stays tight at the value present in every top trial.","The saturation bracket (0.3→0.3750, 0.6→0.3782, 0.85→0.3731) identified an interior optimum at 0.6, which has been in every best configuration; keep it.",Brightness at 0.5 outperformed 0.7 (0.3782 vs 0.3775) and has anchored every best trial; no evidence motivates changing it in a final exploitation trial.,"The rotation bracket was monotonic downward (45→0.368, 15→0.3732, 0→0.3782): border-fill and interpolation blur corrupt tiny color fragments while flips already cover nadir symmetry. Keep rotation off.","Both directions were bracketed (0.05→0.3677, 0.15→best, 0.3→0.3765), confirming 0.15 as the interior optimum; keep it.","Scale was bracketed twice, including a re-test under degrees=0 (0.45→0.3777 flat-to-negative), confirming 0.3 as adequate for this 52%-COCO-small distribution; keep it.",Shear produces off-distribution distortions of nadir imagery and distorts axis-aligned boxes of small round fruit; it was never needed and stays off in a final exploitation trial.,Perspective warp is off-distribution for nadir orthomosaic tiles and blurs tiny objects; kept off as in every trial.,"Nadir imagery has no canonical up-direction; vertical flips are a free, distribution-preserving invariance present in every best trial. Keep at 0.5.",Horizontal flips are equally free under nadir symmetry and have been in every configuration; keep at 0.5.,Channel swapping is a categorical color change that destroys the peach-vs-foliage hue cue on which detection depends; kept off.,"The mosaic axis was bracketed three times, including under heavy mixup (0.1→0.3858, 0.25→0.3914, 0.4→0.3858), showing a sharp interior optimum at 0.25; keep it.","The mixup bracket shows 0.45→0.3892, 0.6→0.3914, 0.65→0.3895, 0.75→0.3907, implying a peak at or slightly below 0.6; 0.55 is the only untested point in the steepest-gradient interval and is the lowest-risk perturbation with upside potential.",Cutmix regressed both alone (0.25→0.3777) and stacked with high mixup (0.15→0.3892 vs 0.3914); keep it off.,Likely a no-op or harmful with box-only labels (pastes rectangular background along with the fruit); never showed promise and stays off.,"The endpoint bracket (0→0.3772 vs 10→0.3782) plus the best trials all used 10; the mosaic-free fine-tuning phase helps, so keep it.",0.015,0.6,0.5,0.0,0.15,0.3,0.0,0.0,0.5,0.5,0.0,0.25,0.55,0.0,0.0,10
29,"Final trial with trial 22 (0.3914) locked in as the guaranteed best. Both mixup micro-refinements (0.55, 0.65) regressed, so the mixup peak at 0.6 is well located, and the mosaic-under-mixup bracket confirmed 0.25 as a sharp interior optimum. The only remaining axis with plausible upside and near-zero downside is scale: at mixup=0 it was essentially flat between 0.3 and 0.45 (0.3782 vs 0.3777), scale-up zoom is the one geometric augmentation that ENLARGES the 52%-COCO-small peaches, and it has never been re-tested under the heavily-regularized mixup=0.6 regime where the model may tolerate or benefit from slightly stronger geometric diversity. I therefore make a single minimal-risk perturbation — scale 0.3→0.4 — on the otherwise-unchanged trial-22 configuration; expected score is at or near the best, with a genuine chance of a small improvement.","Hue is the class-discriminative channel separating peach-orange from foliage-green; the upward probe to 0.05 regressed clearly (0.3715), so hue jitter stays tight at the confirmed value.","The saturation bracket (0.3→0.3750, 0.6→0.3782, 0.85→0.3731) identified an interior optimum at 0.6; keeping it unchanged from the best configuration.",Brightness at 0.5 beat 0.7 (0.3782 vs 0.3775) and has been part of every top-scoring trial; unchanged for the exploitation trial.,"The rotation bracket was monotonic (45→0.3679, 15→0.3732, 0→0.3782): border-fill and interpolation blur only corrupt the tiny color-fragment cues while flips already cover the nadir symmetry. Stays at 0.","Fully bracketed: 0.05 regressed sharply (0.3677), 0.3 slightly regressed, so 0.15 is the confirmed peak and stays unchanged.","The one deliberate change: at mixup=0 the axis was flat between 0.3 and 0.45, scale-up zooming enlarges the many sub-32px peaches, and this axis has never been tested under heavy mixup regularization where extra geometric diversity may now help. Probing the untested midpoint 0.4 carries near-zero expected downside and a plausible small gain.","Shear produces off-distribution distortions of round objects never present in nadir validation imagery; never tested because the prior against it is strong, and the final trial is no place to introduce it.",Nadir tiles have no perspective variation; warping would distort tiny axis-aligned boxes for no distributional benefit. Stays off.,Nadir imagery is statistically symmetric under vertical flips; 0.5 has been part of every trial including the best. Unchanged.,Horizontal flips are exactly on-distribution for nadir imagery; 0.5 retained from the best configuration.,Channel swapping is a categorical color change that would destroy the peach-orange vs foliage-green cue the detector depends on. Stays at 0.,"Mosaic was bracketed twice, including under mixup=0.6 (0.1→0.3858, 0.25→0.3914, 0.4→0.3858), showing a sharp interior optimum at 0.25. Unchanged.","The strongest discovered lever: monotonic gains from 0 to 0.6 (0.3782→0.3914), with both 0.55 and 0.65 regressing, so 0.6 is the well-located peak and stays fixed.",Cutmix regressed both alone (0.25 at mixup=0) and stacked with high mixup (0.15 at mixup=0.6 gave 0.3861 vs 0.3914). Stays off.,Likely a no-op with box-only labels and never showed value; keeping it at 0 preserves the exact best-known augmentation pipeline.,"The endpoint bracket showed close_mosaic=10 beats 0 (0.3782 vs 0.3772), confirming the mosaic-free fine-tuning tail helps; retained at 10.",0.015,0.6,0.5,0.0,0.15,0.4,0.0,0.0,0.5,0.5,0.0,0.25,0.6,0.0,0.0,10
